Sheridan Road Climb,Lakefront : south blvd to Greenleaf,Lee to Hamilton 400m,,,,,,,,,,,,,,,,,,,,,,,,,,,,,,,,,,,,,,
Sheridan Road Climb,Lakefront : south blvd to Greenleaf,Lee to Hamilton 400m,Dawes Park 400m,Vendra 2 - Evanston Beach,Norwestern - Sheridan (running north),NU to Baha'i Temple,Premium Sidewalk,Prime Sidewalk,NU sheridan Rd,Lake Dash,Vendra 1 - Evanston Beach,Hamilton to Lee 400m,,,,,,,,,,,,,,,,,,,,,,,,,,,,
Lakefront : south blvd to Greenleaf,Lee to Hamilton 400m,,,,,,,,,,,,,,,,,,,,,,,,,,,,,,,,,,,,,,,
Hamilton to Lee 400m,,,,,,,,,,,,,,,,,,,,,,,,,,,,,,,,,,,,,,,,
Custer/South Blvd Saunter,NU sheridan Rd,,,,,,,,,,,,,,,,,,,,,,,,,,,,,,,,,,,,,,,
Custer/South Blvd Saunter,Hamilton to Lee 400m,,,,,,,,,,,,,,,,,,,,,,,,,,,,,,,,,,,,,,,
Custer/South Blvd Saunter,,,,,,,,,,,,,,,,,,,,,,,,,,,,,,,,,,,,,,,,
Custer/South Blvd Saunter,,,,,,,,,,,,,,,,,,,,,,,,,,,,,,,,,,,,,,,,
Custer/South Blvd Saunter,,,,,,,,,,,,,,,,,,,,,,,,,,,,,,,,,,,,,,,,
Hospital 200m dash,,,,,,,,,,,,,,,,,,,,,,,,,,,,,,,,,,,,,,,,
Custer/South Blvd Saunter,,,,,,,,,,,,,,,,,,,,,,,,,,,,,,,,,,,,,,,,
Sheridan Road Climb,Lakefront : south blvd to Greenleaf,Lee to Hamilton 400m,Dawes Park 400m,Vendra 2 - Evanston Beach,NU sheridan Rd,,,,,,,,,,,,,,,,,,,,,,,,,,,,,,,,,,,
Custer/South Blvd Saunter,,,,,,,,,,,,,,,,,,,,,,,,,,,,,,,,,,,,,,,,
Park Evanston - Lake Michingan,,,,,,,,,,,,,,,,,,,,,,,,,,,,,,,,,,,,,,,,
Sheridan Road Climb,Lakefront : south blvd to Greenleaf,Lee to Hamilton 400m,Dawes Park 400m,Lake Michigan - Park Evanston,,,,,,,,,,,,,,,,,,,,,,,,,,,,,,,,,,,,
Sheridan Road Climb,Lakefront : south blvd to Greenleaf,,,,,,,,,,,,,,,,,,,,,,,,,,,,,,,,,,,,,,,
Custer/South Blvd Saunter,Northwestern - Lakefront Southbound,Hamilton to Lee 400m,Vendra 1 - Evanston Beach,,,,,,,,,,,,,,,,,,,,,,,,,,,,,,,,,,,,,
Sheridan Road Climb,,,,,,,,,,,,,,,,,,,,,,,,,,,,,,,,,,,,,,,,
Park Evanston - Lake Michingan,,,,,,,,,,,,,,,,,,,,,,,,,,,,,,,,,,,,,,,,
Sheridan Road Climb,Lakefront : south blvd to Greenleaf,Lee to Hamilton 400m,Dawes Park 400m,Lake Michigan - Park Evanston,,,,,,,,,,,,,,,,,,,,,,,,,,,,,,,,,,,,
Custer/South Blvd Saunter,,,,,,,,,,,,,,,,,,,,,,,,,,,,,,,,,,,,,,,,
Custer/South Blvd Saunter,,,,,,,,,,,,,,,,,,,,,,,,,,,,,,,,,,,,,,,,
Sheridan Road Climb,Lakefront : south blvd to Greenleaf,Dawes Park 400m,Vendra 2 - Evanston Beach,Northwestern - Lakefront Northbound,Park Evanston - Lake Michingan,Dawes Park 400m,,,,,,,,,,,,,,,,,,,,,,,,,,,,,,,,,,
Custer/South Blvd Saunter,Hamilton to Lee 400m,,,,,,,,,,,,,,,,,,,,,,,,,,,,,,,,,,,,,,,
Park Evanston - Lake Michingan,Hamilton to Lee 400m,,,,,,,,,,,,,,,,,,,,,,,,,,,,,,,,,,,,,,,
Sheridan Road Climb,Lakefront : south blvd to Greenleaf,Lee to Hamilton 400m,Dawes Park 400m,Lake Michigan - Park Evanston,,,,,,,,,,,,,,,,,,,,,,,,,,,,,,,,,,,,
Sheridan Road Climb,,,,,,,,,,,,,,,,,,,,,,,,,,,,,,,,,,,,,,,,
Custer/South Blvd Saunter,,,,,,,,,,,,,,,,,,,,,,,,,,,,,,,,,,,,,,,,
Premium Sidewalk,Sheridan Hill to Gillson Park,,,,,,,,,,,,,,,,,,,,,,,,,,,,,,,,,,,,,,,
Park Evanston - Lake Michingan,,,,,,,,,,,,,,,,,,,,,,,,,,,,,,,,,,,,,,,,
Sheridan Road Climb,Lakefront : south blvd to Greenleaf,Lee to Hamilton 400m,Dawes Park 400m,,,,,,,,,,,,,,,,,,,,,,,,,,,,,,,,,,,,,
Sheridan Road Climb,Lakefront : south blvd to Greenleaf,Lee to Hamilton 400m,Dawes Park 400m,Vendra 2 - Evanston Beach,Northwestern - Lakefront Northbound,Hamilton to Lee 400m,,,,,,,,,,,,,,,,,,,,,,,,,,,,,,,,,,
NU sheridan Rd,Lake Dash,Vendra 1 - Evanston Beach,Hamilton to Lee 400m,,,,,,,,,,,,,,,,,,,,,,,,,,,,,,,,,,,,,
Sheridan Hill to Gillson Park,Premium Sidewalk,Prime Sidewalk,NU sheridan Rd,,,,,,,,,,,,,,,,,,,,,,,,,,,,,,,,,,,,,
Park Evanston - Lake Michingan,,,,,,,,,,,,,,,,,,,,,,,,,,,,,,,,,,,,,,,,
Custer/South Blvd Saunter,,,,,,,,,,,,,,,,,,,,,,,,,,,,,,,,,,,,,,,,
Park Evanston - Lake Michingan,,,,,,,,,,,,,,,,,,,,,,,,,,,,,,,,,,,,,,,,
Park Evanston - Lake Michingan,,,,,,,,,,,,,,,,,,,,,,,,,,,,,,,,,,,,,,,,
Hinman downtown route,,,,,,,,,,,,,,,,,,,,,,,,,,,,,,,,,,,,,,,,
Sheridan Road Climb,Lakefront : south blvd to Greenleaf,Lee to Hamilton 400m,Dawes Park 400m,Vendra 2 - Evanston Beach,Northwestern - Lakefront Northbound,Lakefill Loop,Northwestern - Lakefront Southbound,Vendra 1 - Evanston Beach,,,,,,,,,,,,,,,,,,,,,,,,,,,,,,,,
Sheridan Road Climb,Lakefront : south blvd to Greenleaf,Lee to Hamilton 400m,Dawes Park 400m,Clark St - Sheridan to Chicago,,,,,,,,,,,,,,,,,,,,,,,,,,,,,,,,,,,,
Wilson track lap,Wilson track lap,Wilson track lap,Wilson Track Mile ,Wilson track lap,Wilson track lap,Wilson track lap,Wilson track lap,Wilson Track Mile ,Wilson track lap,Wilson track lap,Wilson track lap,Wilson track lap,Wilson Track Mile ,Wilson track lap,Wilson track lap,Wilson track lap,Wilson track lap,Wilson Track Mile ,Wilson track lap,,,,,,,,,,,,,,,,,,,,,
Rocky Rumble Tumble Reverse,,,,,,,,,,,,,,,,,,,,,,,,,,,,,,,,,,,,,,,,
Premium Sidewalk,Sheridan Hill to Gillson Park,,,,,,,,,,,,,,,,,,,,,,,,,,,,,,,,,,,,,,,
Custer/South Blvd Saunter,,,,,,,,,,,,,,,,,,,,,,,,,,,,,,,,,,,,,,,,
Wilson track lap,Wilson track lap,Wilson track lap,Wilson Track Mile ,Wilson track lap,Wilson track lap,Wilson track lap,Wilson track lap,Wilson Track Mile ,Wilson track lap,Wilson track lap,Wilson track lap,Wilson track lap,Wilson Track Mile ,Wilson track lap,Wilson track lap,Wilson track lap,,,,,,,,,,,,,,,,,,,,,,,,
Rocky Rumble Tumble Reverse,,,,,,,,,,,,,,,,,,,,,,,,,,,,,,,,,,,,,,,,
Sheridan Road Climb,,,,,,,,,,,,,,,,,,,,,,,,,,,,,,,,,,,,,,,,
Custer/South Blvd Saunter,Northwestern - Lakefront Northbound,NU sheridan Rd,Vendra 1 - Evanston Beach,Dawes Park 400m,,,,,,,,,,,,,,,,,,,,,,,,,,,,,,,,,,,,
ETHS - Hot Lap,ETHS - Hot Lap,ETHS - Hot Lap,ETHS Mile,ETHS - Hot Lap,ETHS - Hot Lap,ETHS - Hot Lap,ETHS - Hot Lap,ETHS Mile,ETHS - Hot Lap,ETHS - Hot Lap,ETHS - Hot Lap,ETHS - Hot Lap,ETHS Mile,ETHS - Hot Lap,ETHS - Hot Lap,ETHS - Hot Lap,ETHS - Hot Lap,ETHS Mile,ETHS - Hot Lap,ETHS - Hot Lap,ETHS - Hot Lap,ETHS - Hot Lap,ETHS Mile,,,,,,,,,,,,,,,,,
Sheridan Road Climb,Lakefront : south blvd to Greenleaf,Lee to Hamilton 400m,Dawes Park 400m,,,,,,,,,,,,,,,,,,,,,,,,,,,,,,,,,,,,,
"Lakeshore pedestrian path, Addison to Aldine",Lake Shore (Irving to Roscoe),Downhill Belmont Harbor,Diversey Bridge to Belmont Harbor,Belmont to Fullerton Mile,Fullerton Lakeline Detour,Lake Front - South Lagoon,Behind the Chess Pavilion,Burst of Speed,Lake Shore Curve South,Lakefront Mile,The cement beach ,3 miles to Navy Pier South,to the steps,E Walton St Climb,Ohio to Oak,Lake Shore Curve North,Oak St. to Division Underpass,N Dearborn Pkwy Climb,Kudos to Cooler Temps,Underpass to Volleyball Shack,Lake Front Sandy Path,New Fullerton Path,The Grind: 48,N. Ave Bridge to Belmont Sign,Div to Belmont Sprint.,Weav Run RACE THIS 5K CHALLENGE!,"Lakeshore pedestrian path, Barry to Addison",Recreation Drive Sprint,Belmont Harbor to Irving Park Rd,Homeward bound,Tennis Court Tree Lines,Irving Park to Montrose,Montrose to Wilson LFP,Lakefront Trail (Montrose to Lawrence),Wilson to Lawrence,Lawrence to Foster,Foster to Lawrence,Lawrence to Wilson LFP Run,LSP - Lawrence To Wilson,Wilson Path to Underpass
Sheridan Road Climb,Lakefront : south blvd to Greenleaf,Lee to Hamilton 400m,2M loop Evanston lake front,Hamilton to Lee 400m,Dawes Park 400m,,,,,,,,,,,,,,,,,,,,,,,,,,,,,,,,,,,
NU sheridan Rd,,,,,,,,,,,,,,,,,,,,,,,,,,,,,,,,,,,,,,,,
NU sheridan Rd,Lake Dash,,,,,,,,,,,,,,,,,,,,,,,,,,,,,,,,,,,,,,,
Sheridan Road Climb,Lakefront : south blvd to Greenleaf,Lee to Hamilton 400m,,,,,,,,,,,,,,,,,,,,,,,,,,,,,,,,,,,,,,
Hamilton to Lee 400m,,,,,,,,,,,,,,,,,,,,,,,,,,,,,,,,,,,,,,,,
"Lakeshore pedestrian path, Addison to Aldine",Lake Shore (Irving to Roscoe),Downhill Belmont Harbor,Diversey Bridge to Belmont Harbor,Belmont to Second Flagpole,Lake Front - South Lagoon,Brooks Best Fest Chicago,Behind the Chess Pavilion,N Dearborn Pkwy Climb,Kudos to Cooler Temps,Lake Front Sandy Path,The Grind: 48,New Fullerton Path,N. Ave Bridge to Belmont Sign,Div to Belmont Sprint.,Weav Run RACE THIS 5K CHALLENGE!,"Lakeshore pedestrian path, Barry to Addison",Recreation Drive Sprint,Belmont Harbor to Irving Park Rd,Tennis Court Tree Lines,,,,,,,,,,,,,,,,,,,,,
Premium Sidewalk,Sheridan Hill to Gillson Park,,,,,,,,,,,,,,,,,,,,,,,,,,,,,,,,,,,,,,,
McCormick trail: Oakton to Main,McCormick trail: Main to Dempster,Sculpture Mile - Oakton to Dempster,McCormick trail: Dempster to Church,McCormick - Dempster to Payne,McCormick Emerson to Green Bay,Arboretum from GB Rd to Bridge,ladd arboretum,McCormick - Payne to Dempster,,,,,,,,,,,,,,,,,,,,,,,,,,,,,,,,
Premium Sidewalk,Sheridan Hill to Gillson Park,,,,,,,,,,,,,,,,,,,,,,,,,,,,,,,,,,,,,,,
Northwestern - Lakefront Northbound,Northwestern - Lakefront Southbound,Vendra 1 - Evanston Beach,Dawes Park 400m,,,,,,,,,,,,,,,,,,,,,,,,,,,,,,,,,,,,,
Custer/South Blvd Saunter,,,,,,,,,,,,,,,,,,,,,,,,,,,,,,,,,,,,,,,,
Custer/South Blvd Saunter,Northwestern - Lakefront Northbound,Athletic Loop,Northwestern - Lakefront Southbound,Vendra 1 - Evanston Beach,Dawes Park 400m,,,,,,,,,,,,,,,,,,,,,,,,,,,,,,,,,,,
Premium Sidewalk,Sheridan Hill to Gillson Park,,,,,,,,,,,,,,,,,,,,,,,,,,,,,,,,,,,,,,,
Clark St - Foster to Winnemac,,,,,,,,,,,,,,,,,,,,,,,,,,,,,,,,,,,,,,,,
Custer/South Blvd Saunter,,,,,,,,,,,,,,,,,,,,,,,,,,,,,,,,,,,,,,,,
Sheridan Road Climb,Lakefront : south blvd to Greenleaf,Lee to Hamilton 400m,Dawes Park 400m,,,,,,,,,,,,,,,,,,,,,,,,,,,,,,,,,,,,,
F3-5k-Mile1,Waldron to East Tunnel,McCormick Place Sprint,F3-5K-Mile2,33rd to 37th - path along LSD,39th Street Beach,Morgan Point Hill southbound,Ready 2 Run Final Mile,57th Street Beach,Point Park to Harold Washington,Shipwreck beach to the top of 47th st,first strava segment on lake michigan?,Morgan Point Hill northbound,51st to 40th on Lake Shore Trail,Meghan Point to Burnham Park (Oakland shoal!),McCormick Place Sprint North,Pershing Point- N end of McCormick,F3 Half Marathon 2020,,,,,,,,,,,,,,,,,,,,,,,
ETHS - Hot Lap,ETHS - Hot Lap,ETHS - Hot Lap,ETHS Mile,ETHS - Hot Lap,ETHS - Hot Lap,ETHS - Hot Lap,ETHS - Hot Lap,ETHS Mile,ETHS - Hot Lap,ETHS - Hot Lap,ETHS - Hot Lap,ETHS - Hot Lap,ETHS Mile,ETHS - Hot Lap,ETHS - Hot Lap,ETHS - Hot Lap,ETHS - Hot Lap,ETHS Mile,ETHS - Hot Lap,,,,,,,,,,,,,,,,,,,,,
"Lakeshore pedestrian path, Addison to Aldine",Lake Shore (Irving to Roscoe),Downhill Belmont Harbor,Diversey Bridge to Belmont Harbor,Belmont to Second Flagpole,Lake Front - South Lagoon,Behind the Chess Pavilion,N Dearborn Pkwy Climb,Lake Front Sandy Path,New Fullerton Path,N. Ave Bridge to Belmont Sign,Div to Belmont Sprint.,3 miles - Lakeshore Drive,"Lakeshore pedestrian path, Barry to Addison",Recreation Drive Sprint,Belmont Harbor to Irving Park Rd,Tennis Court Tree Lines,Irving Park to Montrose,,,,,,,,,,,,,,,,,,,,,,,
Sheridan Hill to Gillson Park,Premium Sidewalk,,,,,,,,,,,,,,,,,,,,,,,,,,,,,,,,,,,,,,,
Lee to Hamilton 400m,Vendra 2 - Evanston Beach,Norwestern - Sheridan (running north),NU to Baha'i Temple,NU sheridan Rd,,,,,,,,,,,,,,,,,,,,,,,,,,,,,,,,,,,,
Sheridan Road Climb,Lakefront : south blvd to Greenleaf,Lee to Hamilton 400m,Vendra 2 - Evanston Beach,Northwestern - Lakefront Northbound,Heading north,Sheridan Hill to Gillson Park,Northwestern - Lakefront Southbound,Vendra 1 - Evanston Beach,Rounding Calvary Cemetery - South,Rounding Calvary Cemetery - North,Prime Sidewalk,Premium Sidewalk,Dawes Park 400m,,,,,,,,,,,,,,,,,,,,,,,,,,,
Sheridan Road Climb,Lakefront : south blvd to Greenleaf,Lee to Hamilton 400m,Arrington Lagoon Loop,Dawes Park 400m,,,,,,,,,,,,,,,,,,,,,,,,,,,,,,,,,,,,
Lakefill South,Northwestern - Lakefront Southbound,Lee to Hamilton 400m,Vendra 2 - Evanston Beach,Northwestern - Lakefront Northbound,Heading north,Dawes Park 400m,,,,,,,,,,,,,,,,,,,,,,,,,,,,,,,,,,
Sheridan Road Climb,Lakefront : south blvd to Greenleaf,Lee to Hamilton 400m,Vendra 2 - Evanston Beach,Northwestern - Lakefront Northbound,Heading north,Dawes Park 400m,,,,,,,,,,,,,,,,,,,,,,,,,,,,,,,,,,
Custer/South Blvd Saunter,,,,,,,,,,,,,,,,,,,,,,,,,,,,,,,,,,,,,,,,
Sheridan Road Climb,Lakefront : south blvd to Greenleaf,Lee to Hamilton 400m,Hamilton to Lee 400m,,,,,,,,,,,,,,,,,,,,,,,,,,,,,,,,,,,,,
Delwood to Casey,Lowell to South Village,,,,,,,,,,,,,,,,,,,,,,,,,,,,,,,,,,,,,,,
Sheridan Road Climb,Lakefront : south blvd to Greenleaf,Lee to Hamilton 400m,Vendra 2 - Evanston Beach,Northwestern - Lakefront Northbound,NU sheridan Rd,Hamilton to Lee 400m,Vendra 1 - Evanston Beach,Lake Dash,Dawes Park 400m,,,,,,,,,,,,,,,,,,,,,,,,,,,,,,,
Sheridan Hill to Gillson Park,Prime Sidewalk,Premium Sidewalk,,,,,,,,,,,,,,,,,,,,,,,,,,,,,,,,,,,,,,
"Lakeshore pedestrian path, Addison to Aldine",Lake Shore (Irving to Roscoe),Downhill Belmont Harbor,"Lakeshore pedestrian path, Barry to Addison",Recreation Drive Sprint,Belmont Harbor to Irving Park Rd,Tennis Court Tree Lines,,,,,,,,,,,,,,,,,,,,,,,,,,,,,,,,,,
ETHS - Hot Lap,ETHS - Hot Lap,ETHS - Hot Lap,ETHS Mile,ETHS - Hot Lap,ETHS - Hot Lap,ETHS - Hot Lap,ETHS - Hot Lap,ETHS Mile,ETHS - Hot Lap,ETHS - Hot Lap,ETHS - Hot Lap,ETHS - Hot Lap,ETHS Mile,ETHS - Hot Lap,ETHS - Hot Lap,ETHS - Hot Lap,ETHS - Hot Lap,ETHS Mile,ETHS - Hot Lap,ETHS - Hot Lap,ETHS - Hot Lap,ETHS - Hot Lap,ETHS Mile,ETHS - Hot Lap,,,,,,,,,,,,,,,,
Custer/South Blvd Saunter,,,,,,,,,,,,,,,,,,,,,,,,,,,,,,,,,,,,,,,,
Prime Sidewalk,,,,,,,,,,,,,,,,,,,,,,,,,,,,,,,,,,,,,,,,
Sheridan Hill to Gillson Park,Premium Sidewalk,,,,,,,,,,,,,,,,,,,,,,,,,,,,,,,,,,,,,,,
Sheridan Road Climb,,,,,,,,,,,,,,,,,,,,,,,,,,,,,,,,,,,,,,,,
Sheridan Hill to Gillson Park,ERC Water Station 2,From Kenilworth to Gillson,Prime Sidewalk,Premium Sidewalk,,,,,,,,,,,,,,,,,,,,,,,,,,,,,,,,,,,,
Custer/South Blvd Saunter,,,,,,,,,,,,,,,,,,,,,,,,,,,,,,,,,,,,,,,,
Norwestern - Sheridan (running north),Lakefill South,Northwestern - Lakefront Southbound,Evanston Flying Turkey 5k,,,,,,,,,,,,,,,,,,,,,,,,,,,,,,,,,,,,,
"Lakeshore pedestrian path, Addison to Aldine",Lake Shore (Irving to Roscoe),Downhill Belmont Harbor,Diversey Bridge to Belmont Harbor,Div to Belmont Sprint.,"Lakeshore pedestrian path, Barry to Addison",Recreation Drive Sprint,Belmont Harbor to Irving Park Rd,Tennis Court Tree Lines,,,,,,,,,,,,,,,,,,,,,,,,,,,,,,,,
Sheridan Hill to Gillson Park,Premium Sidewalk,,,,,,,,,,,,,,,,,,,,,,,,,,,,,,,,,,,,,,,
Sheridan Road Climb,Lakefront : south blvd to Greenleaf,Lee to Hamilton 400m,Vendra 2 - Evanston Beach,Northwestern - Lakefront Northbound,Heading north,Sheridan Hill to Gillson Park,From Kenilworth to Gillson,Prime Sidewalk,Dawes Park 400m,,,,,,,,,,,,,,,,,,,,,,,,,,,,,,,
Sheridan Road Climb,,,,,,,,,,,,,,,,,,,,,,,,,,,,,,,,,,,,,,,,
Hamilton to Lee 400m,Dawes Park 400m,,,,,,,,,,,,,,,,,,,,,,,,,,,,,,,,,,,,,,,
Sheridan Road Climb,,,,,,,,,,,,,,,,,,,,,,,,,,,,,,,,,,,,,,,,
Hamilton to Lee 400m,,,,,,,,,,,,,,,,,,,,,,,,,,,,,,,,,,,,,,,,
Granville to Beach!,Hollywood to Balmoral Run,Foster to Lawrence,Lawrence to Wilson LFP Run,Wilson track lap,,,,,,,,,,,,,,,,,,,,,,,,,,,,,,,,,,,,
ETHS - Hot Lap,ETHS - Hot Lap,ETHS - Hot Lap,ETHS Mile,ETHS - Hot Lap,ETHS - Hot Lap,ETHS - Hot Lap,ETHS - Hot Lap,ETHS Mile,ETHS - Hot Lap,ETHS - Hot Lap,ETHS - Hot Lap,ETHS - Hot Lap,ETHS Mile,ETHS - Hot Lap,ETHS - Hot Lap,ETHS - Hot Lap,ETHS - Hot Lap,ETHS Mile,ETHS - Hot Lap,,,,,,,,,,,,,,,,,,,,,
Michigan ave- balbo to Roosevelt ,Michigan Ave Chicago RNR,35th St. Bridge East,McCormick Place Sprint North,,,,,,,,,,,,,,,,,,,,,,,,,,,,,,,,,,,,,
ETHS - Hot Lap,ETHS - Hot Lap,ETHS - Hot Lap,ETHS Mile,ETHS - Hot Lap,ETHS - Hot Lap,ETHS - Hot Lap,ETHS - Hot Lap,ETHS Mile,ETHS - Hot Lap,ETHS - Hot Lap,ETHS - Hot Lap,ETHS - Hot Lap,ETHS Mile,ETHS - Hot Lap,ETHS - Hot Lap,ETHS - Hot Lap,ETHS - Hot Lap,ETHS - Hot Lap,ETHS Mile,ETHS - Hot Lap,ETHS - Hot Lap,ETHS - Hot Lap,,,,,,,,,,,,,,,,,,
Vendra 1 - Evanston Beach,,,,,,,,,,,,,,,,,,,,,,,,,,,,,,,,,,,,,,,,
Sheridan Hill to Gillson Park,Premium Sidewalk,,,,,,,,,,,,,,,,,,,,,,,,,,,,,,,,,,,,,,,
Lake Shore (Irving to Roscoe),"Lakeshore pedestrian path, Addison to Aldine",Downhill Belmont Harbor,"Lakeshore pedestrian path, Barry to Addison",Recreation Drive Sprint,Belmont Harbor to Irving Park Rd,Tennis Court Tree Lines,,,,,,,,,,,,,,,,,,,,,,,,,,,,,,,,,,
Northwestern - Lakefront Northbound,NU to Bahai,NU sheridan Rd,Vendra 1 - Evanston Beach,Lake Dash,Dawes Park 400m,,,,,,,,,,,,,,,,,,,,,,,,,,,,,,,,,,,
Northwestern - Lakefront Northbound,NU sheridan Rd,Vendra 1 - Evanston Beach,Hamilton to Lee 400m,Lake Dash,Dawes Park 400m,,,,,,,,,,,,,,,,,,,,,,,,,,,,,,,,,,,
"Lakeshore pedestrian path, Addison to Aldine",Lake Shore (Irving to Roscoe),Downhill Belmont Harbor,Diversey Bridge to Belmont Harbor,Div to Belmont Sprint.,"Lakeshore pedestrian path, Barry to Addison",Recreation Drive Sprint,Belmont Harbor to Irving Park Rd,Tennis Court Tree Lines,,,,,,,,,,,,,,,,,,,,,,,,,,,,,,,,
ETHS - Hot Lap,ETHS - Hot Lap,ETHS - Hot Lap,ETHS Mile,ETHS - Hot Lap,ETHS - Hot Lap,ETHS - Hot Lap,ETHS - Hot Lap,ETHS Mile,ETHS - Hot Lap,ETHS - Hot Lap,ETHS - Hot Lap,ETHS - Hot Lap,ETHS Mile,ETHS - Hot Lap,ETHS - Hot Lap,ETHS - Hot Lap,ETHS - Hot Lap,,,,,,,,,,,,,,,,,,,,,,,
Recreation Drive Sprint,Tennis Court Tree Lines,Irving Park to Montrose,,,,,,,,,,,,,,,,,,,,,,,,,,,,,,,,,,,,,,
Sheridan Road Climb,Rounding Calvary Cemetery - South,Rounding Calvary Cemetery - North,,,,,,,,,,,,,,,,,,,,,,,,,,,,,,,,,,,,,,
Sheridan Road Climb,Lakefront : south blvd to Greenleaf,Lee to Hamilton 400m,Vendra 2 - Evanston Beach,Vendra 1 - Evanston Beach,SE Evanston Lakefront 5K,Dawes Park 400m,,,,,,,,,,,,,,,,,,,,,,,,,,,,,,,,,,
Sheridan Road Climb,Lakefront : south blvd to Greenleaf,Lee to Hamilton 400m,Arrington Lagoon Loop,Hamilton to Lee 400m,Dawes Park 400m,,,,,,,,,,,,,,,,,,,,,,,,,,,,,,,,,,,
Sheridan Road Climb,Rounding Calvary Cemetery - South,Rounding Calvary Cemetery - North,,,,,,,,,,,,,,,,,,,,,,,,,,,,,,,,,,,,,,
ETHS - Hot Lap,ETHS - Hot Lap,ETHS - Hot Lap,ETHS Mile,ETHS - Hot Lap,ETHS - Hot Lap,ETHS - Hot Lap,ETHS - Hot Lap,ETHS Mile,ETHS - Hot Lap,ETHS - Hot Lap,ETHS - Hot Lap,ETHS - Hot Lap,ETHS Mile,ETHS - Hot Lap,ETHS - Hot Lap,ETHS - Hot Lap,ETHS - Hot Lap,ETHS Mile,ETHS - Hot Lap,,,,,,,,,,,,,,,,,,,,,
Premium Sidewalk,Prime Sidewalk,,,,,,,,,,,,,,,,,,,,,,,,,,,,,,,,,,,,,,,
"Lakeshore pedestrian path, Addison to Aldine",Lake Shore (Irving to Roscoe),Hibachi HarborðŸ”¥ðŸ¥µ,Recreation Drive Sprint,Tennis Court Tree Lines,Belmont to Montrose,Irving Park to Montrose,,,,,,,,,,,,,,,,,,,,,,,,,,,,,,,,,,
ETHS - Hot Lap,ETHS - Hot Lap,ETHS - Hot Lap,ETHS Mile,ETHS - Hot Lap,ETHS - Hot Lap,ETHS - Hot Lap,ETHS - Hot Lap,ETHS Mile,ETHS - Hot Lap,ETHS - Hot Lap,ETHS - Hot Lap,ETHS - Hot Lap,ETHS Mile,ETHS - Hot Lap,ETHS - Hot Lap,ETHS - Hot Lap,ETHS - Hot Lap,ETHS Mile,ETHS - Hot Lap,,,,,,,,,,,,,,,,,,,,,
Northwestern - Lakefront Southbound,Vendra 1 - Evanston Beach,Dawes Park 400m,,,,,,,,,,,,,,,,,,,,,,,,,,,,,,,,,,,,,,
Sheridan Road Climb,Rounding Calvary Cemetery - South,Rounding Calvary Cemetery - North,,,,,,,,,,,,,,,,,,,,,,,,,,,,,,,,,,,,,,
Sheridan Road Climb,Lakefront : south blvd to Greenleaf,Vendra 2 - Evanston Beach,Northwestern - Lakefront Northbound,Heading north,Lee to Hamilton 400m,Dawes Park 400m,,,,,,,,,,,,,,,,,,,,,,,,,,,,,,,,,,
"Lakeshore pedestrian path, Addison to Aldine",Lake Shore (Irving to Roscoe),Downhill Belmont Harbor,Div to Belmont Sprint.,"Lakeshore pedestrian path, Barry to Addison",Recreation Drive Sprint,Belmont Harbor to Irving Park Rd,Tennis Court Tree Lines,,,,,,,,,,,,,,,,,,,,,,,,,,,,,,,,,
"Lakeshore pedestrian path, Addison to Aldine",Lake Shore (Irving to Roscoe),Hibachi HarborðŸ”¥ðŸ¥µ,Rocky Rumble Tumble Reverse,,,,,,,,,,,,,,,,,,,,,,,,,,,,,,,,,,,,,
"Lakeshore pedestrian path, Addison to Aldine",Lake Shore (Irving to Roscoe),Downhill Belmont Harbor,Div to Belmont Sprint.,"Lakeshore pedestrian path, Barry to Addison",Recreation Drive Sprint,Belmont Harbor to Irving Park Rd,Tennis Court Tree Lines,,,,,,,,,,,,,,,,,,,,,,,,,,,,,,,,,
NB Bikeway,Lake Dash,Dawes Park 400m,,,,,,,,,,,,,,,,,,,,,,,,,,,,,,,,,,,,,,
Sheridan Hill to Gillson Park,Premium Sidewalk,Prime Sidewalk,,,,,,,,,,,,,,,,,,,,,,,,,,,,,,,,,,,,,,
"Lakeshore pedestrian path, Addison to Aldine",Lake Shore (Irving to Roscoe),Downhill Belmont Harbor,Div to Belmont Sprint.,"Lakeshore pedestrian path, Barry to Addison",Recreation Drive Sprint,Belmont Harbor to Irving Park Rd,Tennis Court Tree Lines,,,,,,,,,,,,,,,,,,,,,,,,,,,,,,,,,
Wilson track lap,Wilson track lap,Wilson track lap,Wilson track lap,Wilson track lap,Wilson track lap,Wilson track lap,Wilson track lap,Wilson Track Mile ,Wilson Track Mile ,,,,,,,,,,,,,,,,,,,,,,,,,,,,,,,
Rocky Rumble Tumble Reverse,,,,,,,,,,,,,,,,,,,,,,,,,,,,,,,,,,,,,,,,
Northwestern - Lakefront Northbound,Lake Dash,,,,,,,,,,,,,,,,,,,,,,,,,,,,,,,,,,,,,,,
Sheridan Hill to Gillson Park,Premium Sidewalk,Prime Sidewalk,,,,,,,,,,,,,,,,,,,,,,,,,,,,,,,,,,,,,,
New Fullerton Path,Second Flagpole to Belmont,Div to Belmont Sprint.,"Lakeshore pedestrian path, Barry to Addison",Recreation Drive Sprint,Belmont Harbor to Irving Park Rd,,,,,,,,,,,,,,,,,,,,,,,,,,,,,,,,,,,
Hamilton to Lee 400m,,,,,,,,,,,,,,,,,,,,,,,,,,,,,,,,,,,,,,,,
Thru the Diag - east,Hill St - E University to S State,,,,,,,,,,,,,,,,,,,,,,,,,,,,,,,,,,,,,,,
Washtenaw Hill 2 (W to E),TJ's to Brockman,Stadium: Washtenaw to Packard,Washtenaw: Hill to Stadium,,,,,,,,,,,,,,,,,,,,,,,,,,,,,,,,,,,,,
Prime Sidewalk,,,,,,,,,,,,,,,,,,,,,,,,,,,,,,,,,,,,,,,,
Custer/South Blvd Saunter,Arrington Lagoon Loop,Hamilton to Lee 400m,Dawes Park 400m,,,,,,,,,,,,,,,,,,,,,,,,,,,,,,,,,,,,,
Sheridan Road Climb,Lakefront : south blvd to Greenleaf,Arrington Lagoon Loop,Lee to Hamilton 400m,Dawes Park 400m,,,,,,,,,,,,,,,,,,,,,,,,,,,,,,,,,,,,
Sheridan Road Climb,Lakefront : south blvd to Greenleaf,Vendra 2 - Evanston Beach,Northwestern - Lakefront Northbound,Heading north,Lee to Hamilton 400m,Dawes Park 400m,,,,,,,,,,,,,,,,,,,,,,,,,,,,,,,,,,
"Lakeshore pedestrian path, Addison to Aldine",Lake Shore (Irving to Roscoe),Downhill Belmont Harbor,Div to Belmont Sprint.,"Lakeshore pedestrian path, Barry to Addison",Recreation Drive Sprint,Belmont Harbor to Irving Park Rd,Tennis Court Tree Lines,,,,,,,,,,,,,,,,,,,,,,,,,,,,,,,,,
Lake Shore Curve North,Oak St. to Division Underpass,N Dearborn Pkwy Climb,Kudos to Cooler Temps,Underpass to Volleyball Shack,N. Ave Bridge to Belmont Sign,Div to Belmont Sprint.,Diversey Bridge to Belmont Harbor,Lake Front - South Lagoon,Kudos to Electrolytes,Nature Museum to Goethe St.,lululemon Ghost Race CHI,Burst of Speed,Lincoln Park to Gold Coast,Lake Shore Curve South,Sprint The Curve ,Belmont to Second Flagpole,Brooks Best Fest Chicago,,,,,,,,,,,,,,,,,,,,,,,
"Lakeshore pedestrian path, Addison to Aldine",Lake Shore (Irving to Roscoe),Downhill Belmont Harbor,Diversey Bridge to Belmont Harbor,Div to Belmont Sprint.,"Lakeshore pedestrian path, Barry to Addison",Recreation Drive Sprint,Belmont Harbor to Irving Park Rd,Tennis Court Tree Lines,,,,,,,,,,,,,,,,,,,,,,,,,,,,,,,,
"Lakeshore pedestrian path, Addison to Aldine",Lake Shore (Irving to Roscoe),Downhill Belmont Harbor,Diversey to Belmont Sprint,"Lakeshore pedestrian path, Barry to Addison",Recreation Drive Sprint,Belmont Harbor to Irving Park Rd,Tennis Court Tree Lines,,,,,,,,,,,,,,,,,,,,,,,,,,,,,,,,,
Lake Shore Drive River Bridge South,Lakefront from river to Monroe,Shark Board Finish Pick-up,Notch to Notch,Monroe Harbour Straight,Shedd Shot South,Chicago River to Planetarium Point,Aquarium-Planeterium,Shedd Shot North,Monroe Harbor Mile,Navy Pier Flyover Uphill,,,,,,,,,,,,,,,,,,,,,,,,,,,,,,
Custer/South Blvd Saunter,,,,,,,,,,,,,,,,,,,,,,,,,,,,,,,,,,,,,,,,
Custer/South Blvd Saunter,Lakefill South,Northwestern - Lakefront Southbound,Northwestern Lakefront South,Vendra 1 - Evanston Beach,,,,,,,,,,,,,,,,,,,,,,,,,,,,,,,,,,,,
"Lakeshore pedestrian path, Addison to Aldine",Lake Shore (Irving to Roscoe),Downhill Belmont Harbor,Diversey to Belmont Sprint,"Lakeshore pedestrian path, Barry to Addison",Rocky Rumble Tumble Reverse,,,,,,,,,,,,,,,,,,,,,,,,,,,,,,,,,,,
SPAC BAC,Lakefill South,Northwestern Lakefront South,Northwestern - Lakefront Southbound,Dawes Park 400m,,,,,,,,,,,,,,,,,,,,,,,,,,,,,,,,,,,,
Sheridan Road Climb,Lakefront : south blvd to Greenleaf,Arrington Lagoon Loop,Lee to Hamilton 400m,Dawes Park 400m,,,,,,,,,,,,,,,,,,,,,,,,,,,,,,,,,,,,
"Lakeshore pedestrian path, Addison to Aldine",Lake Shore (Irving to Roscoe),Downhill Belmont Harbor,Diversey Bridge to Belmont Harbor,New Fullerton Path,Div to Belmont Sprint.,"Lakeshore pedestrian path, Barry to Addison",Recreation Drive Sprint,Belmont Harbor to Irving Park Rd,Tennis Court Tree Lines,Second Flagpole to Belmont,Belmont to Second Flagpole,,,,,,,,,,,,,,,,,,,,,,,,,,,,,
Park Evanston - Lake Michingan,Rounding Calvary Cemetery - South,Rounding Calvary Cemetery - North,Lakefront : south blvd to Greenleaf,Vendra 2 - Evanston Beach,Lee to Hamilton 400m,Dawes Park 400m,,,,,,,,,,,,,,,,,,,,,,,,,,,,,,,,,,
Sheridan Rd to SPAC,Lakefill South,Northwestern - Lakefront Southbound,Vendra 1 - Evanston Beach,Hamilton to Lee 400m,Lakefront : south blvd to Greenleaf,Vendra 2 - Evanston Beach,Lee to Hamilton 400m,,,,,,,,,,,,,,,,,,,,,,,,,,,,,,,,,
Sheridan Hill to Gillson Park,Premium Sidewalk,Prime Sidewalk,,,,,,,,,,,,,,,,,,,,,,,,,,,,,,,,,,,,,,
"Lakeshore pedestrian path, Addison to Aldine",Lake Shore (Irving to Roscoe),Downhill Belmont Harbor,Diversey to Belmont Sprint,"Lakeshore pedestrian path, Barry to Addison",Recreation Drive Sprint,Belmont Harbor to Irving Park Rd,Tennis Court Tree Lines,,,,,,,,,,,,,,,,,,,,,,,,,,,,,,,,,
Sheridan Hill to Gillson Park,Premium Sidewalk,Prime Sidewalk,,,,,,,,,,,,,,,,,,,,,,,,,,,,,,,,,,,,,,
Sheridan Road Climb,Lakefront : south blvd to Greenleaf,Lee to Hamilton 400m,,,,,,,,,,,,,,,,,,,,,,,,,,,,,,,,,,,,,,
N Dearborn Pkwy Climb,Kudos to Cooler Temps,Lake Front Sandy Path,New Fullerton Path,The Grind: 48,N. Ave Bridge to Belmont Sign,Div to Belmont Sprint.,Weav Run RACE THIS 5K CHALLENGE!,Diversey Bridge to Belmont Harbor,Lake Front - South Lagoon,Roscoe to Castaway,Kudos to Electrolytes,Nature Museum to Goethe St.,Burst of Speed,Lincoln Park to Gold Coast,Belmont to Second Flagpole,Brooks Best Fest Chicago,,,,,,,,,,,,,,,,,,,,,,,,
Sheridan Road Climb,Rounding Calvary Cemetery - South,Rounding Calvary Cemetery - North,,,,,,,,,,,,,,,,,,,,,,,,,,,,,,,,,,,,,,
Sheridan Road Climb,Lakefront : south blvd to Greenleaf,Lee to Hamilton 400m,Dawes Park 400m,,,,,,,,,,,,,,,,,,,,,,,,,,,,,,,,,,,,,
Stellar from Mandel,400 M on SHS track,,,,,,,,,,,,,,,,,,,,,,,,,,,,,,,,,,,,,,,
Attack of the Geese,Hawthorne to Morrison,Morrison to Burnside,Burnside to Steel Bridge,Hawthorne to Steel Westside,Steel Bridge crossing West to East,Segment,Blur the Pencils SB,Bridge to Nowhere SB,Steel Bridge to Hawthorne Bridge,Burnside to Hawthorne,Scientific Opera,Operatic Science,Blur the Pencils,Hawthorne Bridge to Steel Bridge,Steel Bridge crossing,Magic Mile WJB3,"Naito, Steel Bridge to 9th",,,,,,,,,,,,,,,,,,,,,,,
Stellar from Mandel,400 M on SHS track,400 M on SHS track,400 M on SHS track,400 M on SHS track,400 M on SHS track,400 M on SHS track,400 M on SHS track,400 M on SHS track,400 M on SHS track,400 M on SHS track,400 M on SHS track,,,,,,,,,,,,,,,,,,,,,,,,,,,,,
Stellar from Mandel,400 M on SHS track,,,,,,,,,,,,,,,,,,,,,,,,,,,,,,,,,,,,,,,
Stellar from Mandel,,,,,,,,,,,,,,,,,,,,,,,,,,,,,,,,,,,,,,,,
Attack of the Geese,Hawthorne to Morrison,Morrison to Burnside,Burnside to Steel Bridge,Hawthorne to Steel Westside,Steel Bridge crossing West to East,Segment,Blur the Pencils SB,Bridge to Nowhere SB,Blur the Pencils,Steel Bridge crossing,Steel to Burnside,Memorial to Morrison Bridge,Morrison to Hawthorne,Southwest Montgomery Street Climb,Short but demoralizing...,Brooks Best Fest Portland,Magic Mile WJB3,,,,,,,,,,,,,,,,,,,,,,,
Stella Olson Park,,,,,,,,,,,,,,,,,,,,,,,,,,,,,,,,,,,,,,,,
"Lakeshore pedestrian path, Addison to Aldine",Lake Shore (Irving to Roscoe),Downhill Belmont Harbor,Diversey Bridge to Belmont Harbor,New Fullerton Path,Div to Belmont Sprint.,"Lakeshore pedestrian path, Barry to Addison",Recreation Drive Sprint,Belmont Harbor to Irving Park Rd,Tennis Court Tree Lines,Second Flagpole to Belmont,Belmont to Second Flagpole,,,,,,,,,,,,,,,,,,,,,,,,,,,,,
Sheridan Road Climb,Lakefront : south blvd to Greenleaf,Vendra 2 - Evanston Beach,Northwestern - Lakefront Northbound,Lakefill South (running north),Lee to Hamilton 400m,,,,,,,,,,,,,,,,,,,,,,,,,,,,,,,,,,,
Custer/South Blvd Saunter,NU sheridan Rd,Vendra 1 - Evanston Beach,Lake Dash,,,,,,,,,,,,,,,,,,,,,,,,,,,,,,,,,,,,,
Vendra 1 - Evanston Beach,Vendra 2 - Evanston Beach,Lee to Hamilton 400m,Lake Dash,,,,,,,,,,,,,,,,,,,,,,,,,,,,,,,,,,,,,
Sheridan Road Climb,Lakefront : south blvd to Greenleaf,Arrington Lagoon Loop,Lee to Hamilton 400m,Dawes Park 400m,,,,,,,,,,,,,,,,,,,,,,,,,,,,,,,,,,,,
Sheridan Road Climb,Lakefront : south blvd to Greenleaf,Arrington Lagoon Loop,Hamilton to Lee 400m,Lee to Hamilton 400m,Dawes Park 400m,,,,,,,,,,,,,,,,,,,,,,,,,,,,,,,,,,,
Canal to Sheridan,,,,,,,,,,,,,,,,,,,,,,,,,,,,,,,,,,,,,,,,
"Lakeshore pedestrian path, Addison to Aldine",Lake Shore (Irving to Roscoe),Downhill Belmont Harbor,Diversey Bridge to Belmont Harbor,Lake Front - South Lagoon,quick mile,Roscoe to Castaway,Kudos to Electrolytes,Lake Front Sandy Path,Fullerton water fountain to Castaways loop,New Fullerton Path,N. Ave Bridge to Belmont Sign,Div to Belmont Sprint.,"Lakeshore pedestrian path, Barry to Addison",Recreation Drive Sprint,Belmont Harbor to Irving Park Rd,Tennis Court Tree Lines,Belmont to Second Flagpole,Brooks Best Fest Chicago,,,,,,,,,,,,,,,,,,,,,,
Sheridan Road Climb,Lakefront : south blvd to Greenleaf,Vendra 2 - Evanston Beach,Northwestern - Lakefront Northbound,Lee to Hamilton 400m,,,,,,,,,,,,,,,,,,,,,,,,,,,,,,,,,,,,
Rounding Calvary Cemetery - North,Lakefront : south blvd to Greenleaf,Vendra 2 - Evanston Beach,Northwestern - Lakefront Northbound,NU outer lake,Northwestern - Lakefront Southbound,Vendra 1 - Evanston Beach,Lee to Hamilton 400m,Dawes Park 400m,,,,,,,,,,,,,,,,,,,,,,,,,,,,,,,,
Sheridan Road Climb,Rounding Calvary Cemetery - South,,,,,,,,,,,,,,,,,,,,,,,,,,,,,,,,,,,,,,,
Shedd Shot South,Waldron to East Tunnel,McCormick Place Sprint,Lakefront Trail - Field Museum to I55,F3-5K-Mile2,33rd to 37th - path along LSD,39th Street Beach,Morgan Point Hill southbound,Shipwreck beach to the top of 47th st,Meghan Point to Burnham Park (Oakland shoal!),McCormick Place Sprint North,Pershing Point- N end of McCormick,Dockside Sprint,F3-5K-Mile3,Uphill Harbor Haul,Shedd Shot North,Waldron and around Shedd,Lakefront Trail - I55 to Field Museum,chi south maf,The Lunch Run Stride,Burnham to Monroe Harbor,Home Stretch - Chicago Spring Half Marathon,,,,,,,,,,,,,,,,,,,
Sheridan Road Climb,Rounding Calvary Cemetery - South,Rounding Calvary Cemetery - North,,,,,,,,,,,,,,,,,,,,,,,,,,,,,,,,,,,,,,
Wilson track lap,Wilson track lap,Wilson track lap,Wilson track lap,Wilson track lap,Wilson track lap,Wilson track lap,Wilson track lap,Wilson track lap,Wilson track lap,Wilson track lap,Wilson track lap,Wilson track lap,Wilson track lap,Wilson track lap,Wilson Track Mile ,Wilson Track Mile ,Wilson Track Mile ,,,,,,,,,,,,,,,,,,,,,,,
Norwestern - Sheridan (running north),Sheridan Rd to SPAC,Lakefill South,Northwestern - Lakefront Southbound,Norwestern - Sheridan (running north),Sheridan Rd to SPAC,Lakefill South,Stoplight Dash,Stoplight Dash,,,,,,,,,,,,,,,,,,,,,,,,,,,,,,,,
NU sheridan Rd,Rounding Calvary Cemetery - South,Sheridan Hill to Gillson Park,Premium Sidewalk,Lake Dash,Prime Sidewalk,,,,,,,,,,,,,,,,,,,,,,,,,,,,,,,,,,,
Sheridan Road Climb,,,,,,,,,,,,,,,,,,,,,,,,,,,,,,,,,,,,,,,,
Custer/South Blvd Saunter,Vendra 1 - Evanston Beach,Lake Dash,,,,,,,,,,,,,,,,,,,,,,,,,,,,,,,,,,,,,,
Sheridan Road Climb,,,,,,,,,,,,,,,,,,,,,,,,,,,,,,,,,,,,,,,,
Sheridan Road Climb,Lakefront : south blvd to Greenleaf,Vendra 2 - Evanston Beach,Northwestern - Lakefront Northbound,Lee to Hamilton 400m,Dawes Park 400m,,,,,,,,,,,,,,,,,,,,,,,,,,,,,,,,,,,
Canal to Sheridan,Sheridan Hill to Gillson Park,Premium Sidewalk,,,,,,,,,,,,,,,,,,,,,,,,,,,,,,,,,,,,,,
Custer/South Blvd Saunter,NU sheridan Rd,Vendra 1 - Evanston Beach,Hamilton to Lee 400m,Premium Sidewalk,Lake Dash,Prime Sidewalk,,,,,,,,,,,,,,,,,,,,,,,,,,,,,,,,,,
Custer/South Blvd Saunter,Vendra 1 - Evanston Beach,Lake Dash,,,,,,,,,,,,,,,,,,,,,,,,,,,,,,,,,,,,,,
Sheridan Road Climb,,,,,,,,,,,,,,,,,,,,,,,,,,,,,,,,,,,,,,,,
Ruty Climb,Sanchez Serpentine Reverse,Lydiard 400 UPHILL ,,,,,,,,,,,,,,,,,,,,,,,,,,,,,,,,,,,,,,
Custer/South Blvd Saunter,Arrington Lagoon Loop,Dawes Park 400m,,,,,,,,,,,,,,,,,,,,,,,,,,,,,,,,,,,,,,
Custer/South Blvd Saunter,,,,,,,,,,,,,,,,,,,,,,,,,,,,,,,,,,,,,,,,
Custer/South Blvd Saunter,Hospital 200m dash,,,,,,,,,,,,,,,,,,,,,,,,,,,,,,,,,,,,,,,
Cricket Hill Up,,,,,,,,,,,,,,,,,,,,,,,,,,,,,,,,,,,,,,,,
Wraparound Cricket,,,,,,,,,,,,,,,,,,,,,,,,,,,,,,,,,,,,,,,,
Northwestern - Lakefront Southbound,Vendra 1 - Evanston Beach,Hamilton to Lee 400m,SPAC BAC,,,,,,,,,,,,,,,,,,,,,,,,,,,,,,,,,,,,,
Custer/South Blvd Saunter,NU sheridan Rd,Vendra 1 - Evanston Beach,Lake Dash,,,,,,,,,,,,,,,,,,,,,,,,,,,,,,,,,,,,,
Sheridan Road Climb,Vendra 2 - Evanston Beach,Northwestern - Lakefront Northbound,Lakefront : south blvd to Greenleaf,Heading north,NU to Bahai,Lee to Hamilton 400m,Premium Sidewalk,Dawes Park 400m,,,,,,,,,,,,,,,,,,,,,,,,,,,,,,,,
Sculpture Mile - Oakton to Dempster,McCormick - Dempster to Payne,McCormick Emerson to Green Bay,Lakefill South,Northwestern Lakefront South,Northwestern - Lakefront Southbound,SPAC BAC,McCormick trail: Main to Dempster,McCormick trail: Oakton to Main,McCormick trail: Dempster to Church,,,,,,,,,,,,,,,,,,,,,,,,,,,,,,,
Lakefill South,Northwestern Lakefront South,Northwestern - Lakefront Southbound,Vendra 1 - Evanston Beach,SPAC BAC,,,,,,,,,,,,,,,,,,,,,,,,,,,,,,,,,,,,
Vendra 1 - Evanston Beach,Hamilton to Lee 400m,Lake Dash,,,,,,,,,,,,,,,,,,,,,,,,,,,,,,,,,,,,,,
McCormick Place Sprint North,Dockside Sprint,F3-5K-Mile3,Burnham Harbor North Sprint,Shedd Shot North,Lakefront Trail - I55 to Field Museum,Burnham to Monroe Harbor,Monroe Harbor Mile,lululemon - Lake Shore Drive,Lake to Columbus,to the steps,E Walton St Climb,Ohio to Oak,Oak St. to Division Underpass,N Dearborn Pkwy Climb,Kudos to Cooler Temps,Underpass to Volleyball Shack,Lake Front Sandy Path,New Fullerton Path,The Grind: 48,N. Ave Bridge to Belmont Sign,Div to Belmont Sprint.,Weav Run RACE THIS 5K CHALLENGE!,"Lakeshore pedestrian path, Barry to Addison",Belmont Harbor to Irving Park Rd,Tennis Court Tree Lines,Irving Park to Montrose,LFT 1.5/16.5-2.5/15.5,Lakefront Trail (Montrose to Lawrence),Diversey Harbor to Bryn Mawr (via LSP),Foster to Hollywood Run,Lawrence to Bryn Mawr,MT ARDMORE,Recreation Drive Sprint,Lawrence to Foster,Wilson to Lawrence,Lake Shore Curve North,Montrose to Wilson LFP,Homeward bound,,
Sheridan Road Climb,Vendra 2 - Evanston Beach,Clark St - Sheridan to Chicago,Lakefront : south blvd to Greenleaf,Lee to Hamilton 400m,Dawes Park 400m,,,,,,,,,,,,,,,,,,,,,,,,,,,,,,,,,,,
Washtenaw Hill 2 (W to E),The Long Stretch of Wastenaw,TJ's to Brockman,"Stadium, Golden to Main St",Pauline to Hill,S Main St - E Madison to E William,Stadium: Washtenaw to Packard,Main: Hoover to Hill,,,,,,,,,,,,,,,,,,,,,,,,,,,,,,,,,
Packard St - Granger to State,,,,,,,,,,,,,,,,,,,,,,,,,,,,,,,,,,,,,,,,
Lakefill South,Northwestern Lakefront South,Northwestern - Lakefront Southbound,Vendra 1 - Evanston Beach,SPAC BAC,,,,,,,,,,,,,,,,,,,,,,,,,,,,,,,,,,,,
McCormick Place Sprint North,Dockside Sprint,F3-5K-Mile3,Uphill Harbor Haul,Shedd Shot North,Waldron and around Shedd,Lakefront Trail - I55 to Field Museum,Burnham to Monroe Harbor,Monroe Harbor Mile,lululemon - Lake Shore Drive,Lake to Columbus,to the steps,E Walton St Climb,Ohio to Oak,Oak St. to Division Underpass,N Dearborn Pkwy Climb,Kudos to Cooler Temps,Underpass to Volleyball Shack,Lake Front Sandy Path,New Fullerton Path,The Grind: 48,N. Ave Bridge to Belmont Sign,Div to Belmont Sprint.,Weav Run RACE THIS 5K CHALLENGE!,"Lakeshore pedestrian path, Barry to Addison",Belmont Harbor to Irving Park Rd,Tennis Court Tree Lines,Belmont to Montrose,Irving Park to Montrose,LFT 1.5/16.5-2.5/15.5,Lakefront Trail (Montrose to Lawrence),Diversey Harbor to Bryn Mawr (via LSP),Foster to Hollywood Run,Lawrence to Bryn Mawr,MT ARDMORE,Lawrence to Foster,Wilson to Lawrence,Lake Shore Curve North,Montrose to Wilson LFP,Homeward bound,
Vendra 1 - Evanston Beach,Lake Dash,,,,,,,,,,,,,,,,,,,,,,,,,,,,,,,,,,,,,,,
Granville to Beach!,Hollywood to Balmoral Run,Foster to Lawrence,LSP - Lawrence To Wilson,Foster to Addison on LFP,SkatePark > Dog Beach > SkatePark,"Lakeshore pedestrian path, Addison to Aldine",Lake Shore (Irving to Roscoe),Bryn Mawr to Belmont - Lake Shore Path,Downhill Belmont Harbor,Diversey Bridge to Belmont Harbor,Lake Front - South Lagoon,quick mile,Roscoe to Castaway,Kudos to Electrolytes,Lake Front Sandy Path,New Fullerton Path,N. Ave Bridge to Belmont Sign,Div to Belmont Sprint.,"Lakeshore pedestrian path, Barry to Addison",Belmont Harbor to Irving Park Rd,Tennis Court Tree Lines,Irving Park to Montrose,LFT 1.5/16.5-2.5/15.5,Lakefront Trail (Montrose to Lawrence),Diversey Harbor to Bryn Mawr (via LSP),Foster to Hollywood Run,Lawrence to Bryn Mawr,MT ARDMORE,Recreation Drive Sprint,Lawrence to Foster,Wilson to Lawrence,Montrose to Wilson LFP,Belmont to Second Flagpole,Brooks Best Fest Chicago,Lawrence to Wilson LFP Run,,,,,
Sheridan Road Climb,Lakefront : south blvd to Greenleaf,Lee to Hamilton 400m,,,,,,,,,,,,,,,,,,,,,,,,,,,,,,,,,,,,,,
Sheridan Road Climb,Vendra 2 - Evanston Beach,Lakefront : south blvd to Greenleaf,Lee to Hamilton 400m,Dawes Park 400m,,,,,,,,,,,,,,,,,,,,,,,,,,,,,,,,,,,,
Custer/South Blvd Saunter,,,,,,,,,,,,,,,,,,,,,,,,,,,,,,,,,,,,,,,,
Rounding Calvary Cemetery - South,,,,,,,,,,,,,,,,,,,,,,,,,,,,,,,,,,,,,,,,
Sheridan Road Climb,Northwestern - Lakefront Northbound,NU sheridan Rd,Vendra 1 - Evanston Beach,Lakefront : south blvd to Greenleaf,Lake Dash,Dawes Park 400m,,,,,,,,,,,,,,,,,,,,,,,,,,,,,,,,,,
Custer/South Blvd Saunter,,,,,,,,,,,,,,,,,,,,,,,,,,,,,,,,,,,,,,,,
Custer/South Blvd Saunter,,,,,,,,,,,,,,,,,,,,,,,,,,,,,,,,,,,,,,,,
Sheridan Road Climb,Vendra 2 - Evanston Beach,Northwestern - Lakefront Northbound,NU sheridan Rd,Vendra 1 - Evanston Beach,Lakefront : south blvd to Greenleaf,Heading north,NU to Bahai,Lee to Hamilton 400m,Lake Dash,,,,,,,,,,,,,,,,,,,,,,,,,,,,,,,
Sheridan Road Climb,,,,,,,,,,,,,,,,,,,,,,,,,,,,,,,,,,,,,,,,
Stella Olson Park,,,,,,,,,,,,,,,,,,,,,,,,,,,,,,,,,,,,,,,,
irving park northside swing,Fremont to Knott SPRINT SB,Eliot's Edge SB,,,,,,,,,,,,,,,,,,,,,,,,,,,,,,,,,,,,,,
Hollywood to Balmoral Run,Foster to Lawrence,LSP - Lawrence To Wilson,Foster to Addison on LFP,SkatePark > Dog Beach > SkatePark,Lake Shore (Irving to Roscoe),Bryn Mawr to Belmont - Lake Shore Path,Downhill Belmont Harbor,Diversey Bridge to Belmont Harbor,Lake Front - South Lagoon,Roscoe to Castaway,Kudos to Electrolytes,Lake Front Sandy Path,New Fullerton Path,N. Ave Bridge to Belmont Sign,Div to Belmont Sprint.,"Lakeshore pedestrian path, Barry to Addison",Recreation Drive Sprint,Belmont to Second Flagpole,Brooks Best Fest Chicago,Lawrence to Wilson LFP Run,,,,,,,,,,,,,,,,,,,,
Custer/South Blvd Saunter,,,,,,,,,,,,,,,,,,,,,,,,,,,,,,,,,,,,,,,,
Oak St. to Division Underpass,N Dearborn Pkwy Climb,Kudos to Cooler Temps,Underpass to Volleyball Shack,Lake Front Sandy Path,N. Ave Bridge to Belmont Sign,Div to Belmont Sprint.,Weav Run RACE THIS 5K CHALLENGE!,"Lakeshore pedestrian path, Barry to Addison",Belmont Harbor to Irving Park Rd,Tennis Court Tree Lines,Irving Park to Montrose,LFT 1.5/16.5-2.5/15.5,Lakefront Trail (Montrose to Lawrence),Diversey Harbor to Bryn Mawr (via LSP),Foster to Hollywood Run,Lawrence to Bryn Mawr,MT ARDMORE,Recreation Drive Sprint,Lawrence to Foster,Wilson to Lawrence,Lake Shore Curve North,Montrose to Wilson LFP,,,,,,,,,,,,,,,,,,
Granville to Beach!,Hollywood to Balmoral Run,Foster to Lawrence,LSP - Lawrence To Wilson,Foster to Addison on LFP,SkatePark > Dog Beach > SkatePark,Lake Shore (Irving to Roscoe),Bryn Mawr to Belmont - Lake Shore Path,Downhill Belmont Harbor,Diversey Bridge to Belmont Harbor,Lake Front - South Lagoon,Roscoe to Castaway,Kudos to Electrolytes,Belmont to Second Flagpole,Brooks Best Fest Chicago,Lawrence to Wilson LFP Run,,,,,,,,,,,,,,,,,,,,,,,,,
Gilsen Schnazz,,,,,,,,,,,,,,,,,,,,,,,,,,,,,,,,,,,,,,,,
Sheridan Road Climb,Rounding Calvary Cemetery - South,,,,,,,,,,,,,,,,,,,,,,,,,,,,,,,,,,,,,,,
Depot-Liberty via Division,,,,,,,,,,,,,,,,,,,,,,,,,,,,,,,,,,,,,,,,
Custer/South Blvd Saunter,Rounding Calvary Cemetery - South,,,,,,,,,,,,,,,,,,,,,,,,,,,,,,,,,,,,,,,
Custer/South Blvd Saunter,Lee to Hamilton 400m,,,,,,,,,,,,,,,,,,,,,,,,,,,,,,,,,,,,,,,
Sheridan Rd to SPAC,Lakefill South,Northwestern - Lakefront Southbound,Stoplight Dash,,,,,,,,,,,,,,,,,,,,,,,,,,,,,,,,,,,,,
MT ARDMORE,,,,,,,,,,,,,,,,,,,,,,,,,,,,,,,,,,,,,,,,
Custer/South Blvd Saunter,Sheridan Road Climb,Lee to Hamilton 400m,,,,,,,,,,,,,,,,,,,,,,,,,,,,,,,,,,,,,,
Norwestern - Sheridan (running north),Sheridan Rd to SPAC,Lakefill South,Stoplight Dash,,,,,,,,,,,,,,,,,,,,,,,,,,,,,,,,,,,,,
Northwestern - Lakefront Southbound,Northwestern - Lakefront Northbound,Dawes Park 400m,,,,,,,,,,,,,,,,,,,,,,,,,,,,,,,,,,,,,,
Lakefill South,Northwestern - Lakefront Southbound,Northwestern - Lakefront Northbound,,,,,,,,,,,,,,,,,,,,,,,,,,,,,,,,,,,,,,
Hamilton to Lee 400m,,,,,,,,,,,,,,,,,,,,,,,,,,,,,,,,,,,,,,,,
Custer/South Blvd Saunter,Lee to Hamilton 400m,,,,,,,,,,,,,,,,,,,,,,,,,,,,,,,,,,,,,,,
Sheridan Road Climb,,,,,,,,,,,,,,,,,,,,,,,,,,,,,,,,,,,,,,,,
Asbury Avenue Climb,,,,,,,,,,,,,,,,,,,,,,,,,,,,,,,,,,,,,,,,
Sheridan Road Climb,,,,,,,,,,,,,,,,,,,,,,,,,,,,,,,,,,,,,,,,
Sheridan Road Climb,,,,,,,,,,,,,,,,,,,,,,,,,,,,,,,,,,,,,,,,
Sheridan Road Climb,,,,,,,,,,,,,,,,,,,,,,,,,,,,,,,,,,,,,,,,
Sheridan Road Climb,,,,,,,,,,,,,,,,,,,,,,,,,,,,,,,,,,,,,,,,
Sheridan Road Climb,,,,,,,,,,,,,,,,,,,,,,,,,,,,,,,,,,,,,,,,
Sheridan Road Climb,,,,,,,,,,,,,,,,,,,,,,,,,,,,,,,,,,,,,,,,
Sheridan Road Climb,,,,,,,,,,,,,,,,,,,,,,,,,,,,,,,,,,,,,,,,
Sheridan Road Climb,,,,,,,,,,,,,,,,,,,,,,,,,,,,,,,,,,,,,,,,
Sheridan Road Climb,,,,,,,,,,,,,,,,,,,,,,,,,,,,,,,,,,,,,,,,
Sheridan Road Climb,,,,,,,,,,,,,,,,,,,,,,,,,,,,,,,,,,,,,,,,
Sheridan Road Climb,Rounding Calvary Cemetery - South,Rounding Calvary Cemetery - North,,,,,,,,,,,,,,,,,,,,,,,,,,,,,,,,,,,,,,