06012020,Sheridan Road Climb,71.0,3.0,seg,run
06012020,Lakefront : south blvd to Greenleaf,45.0,3.0,seg,run
06012020,Lee to Hamilton 400m,48.0,3.0,seg,run
05312020,Sheridan Road Climb,71.0,13.0,seg,run
05312020,Lakefront : south blvd to Greenleaf,45.0,13.0,seg,run
05312020,Lee to Hamilton 400m,48.0,13.0,seg,run
05312020,Dawes Park 400m,47.0,13.0,seg,run
05312020,Vendra 2 - Evanston Beach,25.0,13.0,seg,run
05312020,Norwestern - Sheridan (running north),5.0,13.0,seg,run
05312020,NU to Baha'i Temple,2.0,13.0,seg,run
05312020,Premium Sidewalk,23.0,13.0,seg,run
05312020,Prime Sidewalk,15.0,13.0,seg,run
05312020,NU sheridan Rd,18.0,13.0,seg,run
05312020,Lake Dash,19.0,13.0,seg,run
05312020,Vendra 1 - Evanston Beach,30.0,13.0,seg,run
05312020,Hamilton to Lee 400m,24.0,13.0,seg,run
05262020,Lakefront : south blvd to Greenleaf,45.0,2.0,seg,run
05262020,Lee to Hamilton 400m,48.0,2.0,seg,run
05252020,Hamilton to Lee 400m,24.0,1.0,seg,run
05232020,Custer/South Blvd Saunter,40.0,2.0,seg,run
05232020,NU sheridan Rd,18.0,2.0,seg,run
05212020,Custer/South Blvd Saunter,40.0,2.0,seg,run
05212020,Hamilton to Lee 400m,24.0,2.0,seg,run
05142020,Custer/South Blvd Saunter,40.0,1.0,seg,run
05122020,Custer/South Blvd Saunter,40.0,1.0,seg,run
05072020,Custer/South Blvd Saunter,40.0,1.0,seg,run
05062020,Hospital 200m dash,2.0,1.0,seg,run
05062020,Custer/South Blvd Saunter,40.0,1.0,seg,run
05032020,Sheridan Road Climb,71.0,6.0,seg,run
05032020,Lakefront : south blvd to Greenleaf,45.0,6.0,seg,run
05032020,Lee to Hamilton 400m,48.0,6.0,seg,run
05032020,Dawes Park 400m,47.0,6.0,seg,run
05032020,Vendra 2 - Evanston Beach,25.0,6.0,seg,run
05032020,NU sheridan Rd,18.0,6.0,seg,run
05012020,Custer/South Blvd Saunter,40.0,1.0,seg,run
04292020,Park Evanston - Lake Michingan,9.0,1.0,seg,run
04292020,Sheridan Road Climb,71.0,1.0,seg,run
04292020,Lakefront : south blvd to Greenleaf,45.0,1.0,seg,run
04292020,Lee to Hamilton 400m,48.0,1.0,seg,run
04292020,Dawes Park 400m,47.0,1.0,seg,run
04292020,Lake Michigan - Park Evanston,3.0,1.0,seg,run
04282020,Sheridan Road Climb,71.0,2.0,seg,run
04282020,Lakefront : south blvd to Greenleaf,45.0,2.0,seg,run
04262020,Custer/South Blvd Saunter,40.0,4.0,seg,run
04262020,Northwestern - Lakefront Southbound,20.0,4.0,seg,run
04262020,Hamilton to Lee 400m,24.0,4.0,seg,run
04262020,Vendra 1 - Evanston Beach,30.0,4.0,seg,run
04232020,Sheridan Road Climb,71.0,1.0,seg,run
04222020,Park Evanston - Lake Michingan,9.0,1.0,seg,run
04222020,Sheridan Road Climb,71.0,1.0,seg,run
04222020,Lakefront : south blvd to Greenleaf,45.0,1.0,seg,run
04222020,Lee to Hamilton 400m,48.0,1.0,seg,run
04222020,Dawes Park 400m,47.0,1.0,seg,run
04222020,Lake Michigan - Park Evanston,3.0,1.0,seg,run
04212020,Custer/South Blvd Saunter,40.0,1.0,seg,run
04192020,Custer/South Blvd Saunter,40.0,1.0,seg,run
04182020,Sheridan Road Climb,71.0,6.0,seg,run
04182020,Lakefront : south blvd to Greenleaf,45.0,6.0,seg,run
04182020,Dawes Park 400m,47.0,6.0,seg,run
04182020,Vendra 2 - Evanston Beach,25.0,6.0,seg,run
04182020,Northwestern - Lakefront Northbound,25.0,6.0,seg,run
04182020,Park Evanston - Lake Michingan,9.0,6.0,seg,run
04182020,Dawes Park 400m,47.0,6.0,seg,run
04162020,Custer/South Blvd Saunter,40.0,2.0,seg,run
04162020,Hamilton to Lee 400m,24.0,2.0,seg,run
04152020,Park Evanston - Lake Michingan,9.0,2.0,seg,run
04152020,Hamilton to Lee 400m,24.0,2.0,seg,run
04152020,Sheridan Road Climb,71.0,2.0,seg,run
04152020,Lakefront : south blvd to Greenleaf,45.0,2.0,seg,run
04152020,Lee to Hamilton 400m,48.0,2.0,seg,run
04152020,Dawes Park 400m,47.0,2.0,seg,run
04152020,Lake Michigan - Park Evanston,3.0,2.0,seg,run
04122020,Sheridan Road Climb,71.0,1.0,seg,run
04122020,Custer/South Blvd Saunter,40.0,1.0,seg,run
04102020,Premium Sidewalk,23.0,2.0,seg,run
04102020,Sheridan Hill to Gillson Park,20.0,2.0,seg,run
04082020,Park Evanston - Lake Michingan,9.0,1.0,seg,run
04082020,Sheridan Road Climb,71.0,1.0,seg,run
04082020,Lakefront : south blvd to Greenleaf,45.0,1.0,seg,run
04082020,Lee to Hamilton 400m,48.0,1.0,seg,run
04082020,Dawes Park 400m,47.0,1.0,seg,run
04072020,Sheridan Road Climb,71.0,7.0,seg,run
04072020,Lakefront : south blvd to Greenleaf,45.0,7.0,seg,run
04072020,Lee to Hamilton 400m,48.0,7.0,seg,run
04072020,Dawes Park 400m,47.0,7.0,seg,run
04072020,Vendra 2 - Evanston Beach,25.0,7.0,seg,run
04072020,Northwestern - Lakefront Northbound,25.0,7.0,seg,run
04072020,Hamilton to Lee 400m,24.0,7.0,seg,run
04052020,NU sheridan Rd,18.0,4.0,seg,run
04052020,Lake Dash,19.0,4.0,seg,run
04052020,Vendra 1 - Evanston Beach,30.0,4.0,seg,run
04052020,Hamilton to Lee 400m,24.0,4.0,seg,run
04022020,Sheridan Hill to Gillson Park,20.0,4.0,seg,run
04022020,Premium Sidewalk,23.0,4.0,seg,run
04022020,Prime Sidewalk,15.0,4.0,seg,run
04022020,NU sheridan Rd,18.0,4.0,seg,run
04012020,Park Evanston - Lake Michingan,9.0,1.0,seg,run
04012020,Custer/South Blvd Saunter,40.0,1.0,seg,run
03292020,Park Evanston - Lake Michingan,9.0,1.0,seg,run
03252020,Park Evanston - Lake Michingan,9.0,1.0,seg,run
03252020,Hinman downtown route,1.0,1.0,seg,run
03242020,Sheridan Road Climb,71.0,9.0,seg,run
03242020,Lakefront : south blvd to Greenleaf,45.0,9.0,seg,run
03242020,Lee to Hamilton 400m,48.0,9.0,seg,run
03242020,Dawes Park 400m,47.0,9.0,seg,run
03242020,Vendra 2 - Evanston Beach,25.0,9.0,seg,run
03242020,Northwestern - Lakefront Northbound,25.0,9.0,seg,run
03242020,Lakefill Loop,1.0,9.0,seg,run
03242020,Northwestern - Lakefront Southbound,20.0,9.0,seg,run
03242020,Vendra 1 - Evanston Beach,30.0,9.0,seg,run
03222020,Sheridan Road Climb,71.0,5.0,seg,run
03222020,Lakefront : south blvd to Greenleaf,45.0,5.0,seg,run
03222020,Lee to Hamilton 400m,48.0,5.0,seg,run
03222020,Dawes Park 400m,47.0,5.0,seg,run
03222020,Clark St - Sheridan to Chicago,2.0,5.0,seg,run
03212020,Wilson track lap,5.0,2.0,seg,run
03212020,Wilson track lap,5.0,2.0,seg,run
03212020,Wilson track lap,5.0,2.0,seg,run
03212020,Wilson Track Mile ,4.0,2.0,seg,run
03212020,Wilson track lap,5.0,2.0,seg,run
03212020,Wilson track lap,5.0,2.0,seg,run
03212020,Wilson track lap,5.0,2.0,seg,run
03212020,Wilson track lap,5.0,2.0,seg,run
03212020,Wilson Track Mile ,4.0,2.0,seg,run
03212020,Wilson track lap,5.0,2.0,seg,run
03212020,Wilson track lap,5.0,2.0,seg,run
03212020,Wilson track lap,5.0,2.0,seg,run
03212020,Wilson track lap,5.0,2.0,seg,run
03212020,Wilson Track Mile ,4.0,2.0,seg,run
03212020,Wilson track lap,5.0,2.0,seg,run
03212020,Wilson track lap,5.0,2.0,seg,run
03212020,Wilson track lap,5.0,2.0,seg,run
03212020,Wilson track lap,5.0,2.0,seg,run
03212020,Wilson Track Mile ,4.0,2.0,seg,run
03212020,Wilson track lap,5.0,2.0,seg,run
03212020,Rocky Rumble Tumble Reverse,5.0,2.0,seg,run
03192020,Premium Sidewalk,23.0,2.0,seg,run
03192020,Sheridan Hill to Gillson Park,20.0,2.0,seg,run
03182020,Custer/South Blvd Saunter,40.0,1.0,seg,run
03172020,Wilson track lap,5.0,2.0,seg,run
03172020,Wilson track lap,5.0,2.0,seg,run
03172020,Wilson track lap,5.0,2.0,seg,run
03172020,Wilson Track Mile ,4.0,2.0,seg,run
03172020,Wilson track lap,5.0,2.0,seg,run
03172020,Wilson track lap,5.0,2.0,seg,run
03172020,Wilson track lap,5.0,2.0,seg,run
03172020,Wilson track lap,5.0,2.0,seg,run
03172020,Wilson Track Mile ,4.0,2.0,seg,run
03172020,Wilson track lap,5.0,2.0,seg,run
03172020,Wilson track lap,5.0,2.0,seg,run
03172020,Wilson track lap,5.0,2.0,seg,run
03172020,Wilson track lap,5.0,2.0,seg,run
03172020,Wilson Track Mile ,4.0,2.0,seg,run
03172020,Wilson track lap,5.0,2.0,seg,run
03172020,Wilson track lap,5.0,2.0,seg,run
03172020,Wilson track lap,5.0,2.0,seg,run
03172020,Rocky Rumble Tumble Reverse,5.0,2.0,seg,run
03152020,Sheridan Road Climb,71.0,1.0,seg,run
03142020,Custer/South Blvd Saunter,40.0,5.0,seg,run
03142020,Northwestern - Lakefront Northbound,25.0,5.0,seg,run
03142020,NU sheridan Rd,18.0,5.0,seg,run
03142020,Vendra 1 - Evanston Beach,30.0,5.0,seg,run
03142020,Dawes Park 400m,47.0,5.0,seg,run
03112020,ETHS - Hot Lap,8.0,2.0,seg,run
03112020,ETHS - Hot Lap,8.0,2.0,seg,run
03112020,ETHS - Hot Lap,8.0,2.0,seg,run
03112020,ETHS Mile,8.0,2.0,seg,run
03112020,ETHS - Hot Lap,8.0,2.0,seg,run
03112020,ETHS - Hot Lap,8.0,2.0,seg,run
03112020,ETHS - Hot Lap,8.0,2.0,seg,run
03112020,ETHS - Hot Lap,8.0,2.0,seg,run
03112020,ETHS Mile,8.0,2.0,seg,run
03112020,ETHS - Hot Lap,8.0,2.0,seg,run
03112020,ETHS - Hot Lap,8.0,2.0,seg,run
03112020,ETHS - Hot Lap,8.0,2.0,seg,run
03112020,ETHS - Hot Lap,8.0,2.0,seg,run
03112020,ETHS Mile,8.0,2.0,seg,run
03112020,ETHS - Hot Lap,8.0,2.0,seg,run
03112020,ETHS - Hot Lap,8.0,2.0,seg,run
03112020,ETHS - Hot Lap,8.0,2.0,seg,run
03112020,ETHS - Hot Lap,8.0,2.0,seg,run
03112020,ETHS Mile,8.0,2.0,seg,run
03112020,ETHS - Hot Lap,8.0,2.0,seg,run
03112020,ETHS - Hot Lap,8.0,2.0,seg,run
03112020,ETHS - Hot Lap,8.0,2.0,seg,run
03112020,ETHS - Hot Lap,8.0,2.0,seg,run
03112020,ETHS Mile,8.0,2.0,seg,run
03102020,Sheridan Road Climb,71.0,4.0,seg,run
03102020,Lakefront : south blvd to Greenleaf,45.0,4.0,seg,run
03102020,Lee to Hamilton 400m,48.0,4.0,seg,run
03102020,Dawes Park 400m,47.0,4.0,seg,run
03072020,"Lakeshore pedestrian path, Addison to Aldine",21.0,41.0,seg,run
03072020,Lake Shore (Irving to Roscoe),23.0,41.0,seg,run
03072020,Downhill Belmont Harbor,21.0,41.0,seg,run
03072020,Diversey Bridge to Belmont Harbor,14.0,41.0,seg,run
03072020,Belmont to Fullerton Mile,1.0,41.0,seg,run
03072020,Fullerton Lakeline Detour,1.0,41.0,seg,run
03072020,Lake Front - South Lagoon,9.0,41.0,seg,run
03072020,Behind the Chess Pavilion,3.0,41.0,seg,run
03072020,Burst of Speed,3.0,41.0,seg,run
03072020,Lake Shore Curve South,2.0,41.0,seg,run
03072020,Lakefront Mile,1.0,41.0,seg,run
03072020,The cement beach ,1.0,41.0,seg,run
03072020,3 miles to Navy Pier South,1.0,41.0,seg,run
03072020,to the steps,3.0,41.0,seg,run
03072020,E Walton St Climb,3.0,41.0,seg,run
03072020,Ohio to Oak,3.0,41.0,seg,run
03072020,Lake Shore Curve North,5.0,41.0,seg,run
03072020,Oak St. to Division Underpass,5.0,41.0,seg,run
03072020,N Dearborn Pkwy Climb,8.0,41.0,seg,run
03072020,Kudos to Cooler Temps,7.0,41.0,seg,run
03072020,Underpass to Volleyball Shack,5.0,41.0,seg,run
03072020,Lake Front Sandy Path,10.0,41.0,seg,run
03072020,New Fullerton Path,12.0,41.0,seg,run
03072020,The Grind: 48,5.0,41.0,seg,run
03072020,N. Ave Bridge to Belmont Sign,11.0,41.0,seg,run
03072020,Div to Belmont Sprint.,21.0,41.0,seg,run
03072020,Weav Run RACE THIS 5K CHALLENGE!,6.0,41.0,seg,run
03072020,"Lakeshore pedestrian path, Barry to Addison",24.0,41.0,seg,run
03072020,Recreation Drive Sprint,24.0,41.0,seg,run
03072020,Belmont Harbor to Irving Park Rd,22.0,41.0,seg,run
03072020,Homeward bound,3.0,41.0,seg,run
03072020,Tennis Court Tree Lines,23.0,41.0,seg,run
03072020,Irving Park to Montrose,8.0,41.0,seg,run
03072020,Montrose to Wilson LFP,5.0,41.0,seg,run
03072020,Lakefront Trail (Montrose to Lawrence),5.0,41.0,seg,run
03072020,Wilson to Lawrence,5.0,41.0,seg,run
03072020,Lawrence to Foster,5.0,41.0,seg,run
03072020,Foster to Lawrence,5.0,41.0,seg,run
03072020,Lawrence to Wilson LFP Run,5.0,41.0,seg,run
03072020,LSP - Lawrence To Wilson,4.0,41.0,seg,run
03072020,Wilson Path to Underpass,1.0,41.0,seg,run
03052020,Sheridan Road Climb,71.0,6.0,seg,run
03052020,Lakefront : south blvd to Greenleaf,45.0,6.0,seg,run
03052020,Lee to Hamilton 400m,48.0,6.0,seg,run
03052020,2M loop Evanston lake front,1.0,6.0,seg,run
03052020,Hamilton to Lee 400m,24.0,6.0,seg,run
03052020,Dawes Park 400m,47.0,6.0,seg,run
03042020,NU sheridan Rd,18.0,1.0,seg,run
02222020,NU sheridan Rd,18.0,2.0,seg,run
02222020,Lake Dash,19.0,2.0,seg,run
02222020,Sheridan Road Climb,71.0,2.0,seg,run
02222020,Lakefront : south blvd to Greenleaf,45.0,2.0,seg,run
02222020,Lee to Hamilton 400m,48.0,2.0,seg,run
02202020,Hamilton to Lee 400m,24.0,1.0,seg,run
02152020,"Lakeshore pedestrian path, Addison to Aldine",21.0,20.0,seg,run
02152020,Lake Shore (Irving to Roscoe),23.0,20.0,seg,run
02152020,Downhill Belmont Harbor,21.0,20.0,seg,run
02152020,Diversey Bridge to Belmont Harbor,14.0,20.0,seg,run
02152020,Belmont to Second Flagpole,10.0,20.0,seg,run
02152020,Lake Front - South Lagoon,9.0,20.0,seg,run
02152020,Brooks Best Fest Chicago,7.0,20.0,seg,run
02152020,Behind the Chess Pavilion,3.0,20.0,seg,run
02152020,N Dearborn Pkwy Climb,8.0,20.0,seg,run
02152020,Kudos to Cooler Temps,7.0,20.0,seg,run
02152020,Lake Front Sandy Path,10.0,20.0,seg,run
02152020,The Grind: 48,5.0,20.0,seg,run
02152020,New Fullerton Path,12.0,20.0,seg,run
02152020,N. Ave Bridge to Belmont Sign,11.0,20.0,seg,run
02152020,Div to Belmont Sprint.,21.0,20.0,seg,run
02152020,Weav Run RACE THIS 5K CHALLENGE!,6.0,20.0,seg,run
02152020,"Lakeshore pedestrian path, Barry to Addison",24.0,20.0,seg,run
02152020,Recreation Drive Sprint,24.0,20.0,seg,run
02152020,Belmont Harbor to Irving Park Rd,22.0,20.0,seg,run
02152020,Tennis Court Tree Lines,23.0,20.0,seg,run
02132020,Premium Sidewalk,23.0,2.0,seg,run
02132020,Sheridan Hill to Gillson Park,20.0,2.0,seg,run
02122020,McCormick trail: Oakton to Main,2.0,9.0,seg,run
02122020,McCormick trail: Main to Dempster,2.0,9.0,seg,run
02122020,Sculpture Mile - Oakton to Dempster,2.0,9.0,seg,run
02122020,McCormick trail: Dempster to Church,2.0,9.0,seg,run
02122020,McCormick - Dempster to Payne,2.0,9.0,seg,run
02122020,McCormick Emerson to Green Bay,2.0,9.0,seg,run
02122020,Arboretum from GB Rd to Bridge,1.0,9.0,seg,run
02122020,ladd arboretum,1.0,9.0,seg,run
02122020,McCormick - Payne to Dempster,1.0,9.0,seg,run
02102020,Premium Sidewalk,23.0,2.0,seg,run
02102020,Sheridan Hill to Gillson Park,20.0,2.0,seg,run
02092020,Northwestern - Lakefront Northbound,25.0,4.0,seg,run
02092020,Northwestern - Lakefront Southbound,20.0,4.0,seg,run
02092020,Vendra 1 - Evanston Beach,30.0,4.0,seg,run
02092020,Dawes Park 400m,47.0,4.0,seg,run
02062020,Custer/South Blvd Saunter,40.0,1.0,seg,run
02062020,Custer/South Blvd Saunter,40.0,1.0,seg,run
02062020,Northwestern - Lakefront Northbound,25.0,1.0,seg,run
02062020,Athletic Loop,1.0,1.0,seg,run
02062020,Northwestern - Lakefront Southbound,20.0,1.0,seg,run
02062020,Vendra 1 - Evanston Beach,30.0,1.0,seg,run
02062020,Dawes Park 400m,47.0,1.0,seg,run
02032020,Premium Sidewalk,23.0,2.0,seg,run
02032020,Sheridan Hill to Gillson Park,20.0,2.0,seg,run
02012020,Clark St - Foster to Winnemac,1.0,1.0,seg,run
01302020,Custer/South Blvd Saunter,40.0,1.0,seg,run
01292020,Sheridan Road Climb,71.0,4.0,seg,run
01292020,Lakefront : south blvd to Greenleaf,45.0,4.0,seg,run
01292020,Lee to Hamilton 400m,48.0,4.0,seg,run
01292020,Dawes Park 400m,47.0,4.0,seg,run
01252020,F3-5k-Mile1,1.0,18.0,seg,run
01252020,Waldron to East Tunnel,2.0,18.0,seg,run
01252020,McCormick Place Sprint,2.0,18.0,seg,run
01252020,F3-5K-Mile2,2.0,18.0,seg,run
01252020,33rd to 37th - path along LSD,2.0,18.0,seg,run
01252020,39th Street Beach,2.0,18.0,seg,run
01252020,Morgan Point Hill southbound,2.0,18.0,seg,run
01252020,Ready 2 Run Final Mile,1.0,18.0,seg,run
01252020,57th Street Beach,1.0,18.0,seg,run
01252020,Point Park to Harold Washington,1.0,18.0,seg,run
01252020,Shipwreck beach to the top of 47th st,2.0,18.0,seg,run
01252020,first strava segment on lake michigan?,1.0,18.0,seg,run
01252020,Morgan Point Hill northbound,1.0,18.0,seg,run
01252020,51st to 40th on Lake Shore Trail,1.0,18.0,seg,run
01252020,Meghan Point to Burnham Park (Oakland shoal!),2.0,18.0,seg,run
01252020,McCormick Place Sprint North,5.0,18.0,seg,run
01252020,Pershing Point- N end of McCormick,2.0,18.0,seg,run
01252020,F3 Half Marathon 2020,1.0,18.0,seg,run
01202020,ETHS - Hot Lap,8.0,2.0,seg,run
01202020,ETHS - Hot Lap,8.0,2.0,seg,run
01202020,ETHS - Hot Lap,8.0,2.0,seg,run
01202020,ETHS Mile,8.0,2.0,seg,run
01202020,ETHS - Hot Lap,8.0,2.0,seg,run
01202020,ETHS - Hot Lap,8.0,2.0,seg,run
01202020,ETHS - Hot Lap,8.0,2.0,seg,run
01202020,ETHS - Hot Lap,8.0,2.0,seg,run
01202020,ETHS Mile,8.0,2.0,seg,run
01202020,ETHS - Hot Lap,8.0,2.0,seg,run
01202020,ETHS - Hot Lap,8.0,2.0,seg,run
01202020,ETHS - Hot Lap,8.0,2.0,seg,run
01202020,ETHS - Hot Lap,8.0,2.0,seg,run
01202020,ETHS Mile,8.0,2.0,seg,run
01202020,ETHS - Hot Lap,8.0,2.0,seg,run
01202020,ETHS - Hot Lap,8.0,2.0,seg,run
01202020,ETHS - Hot Lap,8.0,2.0,seg,run
01202020,ETHS - Hot Lap,8.0,2.0,seg,run
01202020,ETHS Mile,8.0,2.0,seg,run
01202020,ETHS - Hot Lap,8.0,2.0,seg,run
01182020,"Lakeshore pedestrian path, Addison to Aldine",21.0,18.0,seg,run
01182020,Lake Shore (Irving to Roscoe),23.0,18.0,seg,run
01182020,Downhill Belmont Harbor,21.0,18.0,seg,run
01182020,Diversey Bridge to Belmont Harbor,14.0,18.0,seg,run
01182020,Belmont to Second Flagpole,10.0,18.0,seg,run
01182020,Lake Front - South Lagoon,9.0,18.0,seg,run
01182020,Behind the Chess Pavilion,3.0,18.0,seg,run
01182020,N Dearborn Pkwy Climb,8.0,18.0,seg,run
01182020,Lake Front Sandy Path,10.0,18.0,seg,run
01182020,New Fullerton Path,12.0,18.0,seg,run
01182020,N. Ave Bridge to Belmont Sign,11.0,18.0,seg,run
01182020,Div to Belmont Sprint.,21.0,18.0,seg,run
01182020,3 miles - Lakeshore Drive,1.0,18.0,seg,run
01182020,"Lakeshore pedestrian path, Barry to Addison",24.0,18.0,seg,run
01182020,Recreation Drive Sprint,24.0,18.0,seg,run
01182020,Belmont Harbor to Irving Park Rd,22.0,18.0,seg,run
01182020,Tennis Court Tree Lines,23.0,18.0,seg,run
01182020,Irving Park to Montrose,8.0,18.0,seg,run
01162020,Sheridan Hill to Gillson Park,20.0,2.0,seg,run
01162020,Premium Sidewalk,23.0,2.0,seg,run
01112020,Lee to Hamilton 400m,48.0,5.0,seg,run
01112020,Vendra 2 - Evanston Beach,25.0,5.0,seg,run
01112020,Norwestern - Sheridan (running north),5.0,5.0,seg,run
01112020,NU to Baha'i Temple,2.0,5.0,seg,run
01112020,NU sheridan Rd,18.0,5.0,seg,run
01082020,Sheridan Road Climb,71.0,14.0,seg,run
01082020,Lakefront : south blvd to Greenleaf,45.0,14.0,seg,run
01082020,Lee to Hamilton 400m,48.0,14.0,seg,run
01082020,Vendra 2 - Evanston Beach,25.0,14.0,seg,run
01082020,Northwestern - Lakefront Northbound,25.0,14.0,seg,run
01082020,Heading north,8.0,14.0,seg,run
01082020,Sheridan Hill to Gillson Park,20.0,14.0,seg,run
01082020,Northwestern - Lakefront Southbound,20.0,14.0,seg,run
01082020,Vendra 1 - Evanston Beach,30.0,14.0,seg,run
01082020,Rounding Calvary Cemetery - South,13.0,14.0,seg,run
01082020,Rounding Calvary Cemetery - North,9.0,14.0,seg,run
01082020,Prime Sidewalk,15.0,14.0,seg,run
01082020,Premium Sidewalk,23.0,14.0,seg,run
01082020,Dawes Park 400m,47.0,14.0,seg,run
01042020,Sheridan Road Climb,71.0,5.0,seg,run
01042020,Lakefront : south blvd to Greenleaf,45.0,5.0,seg,run
01042020,Lee to Hamilton 400m,48.0,5.0,seg,run
01042020,Arrington Lagoon Loop,8.0,5.0,seg,run
01042020,Dawes Park 400m,47.0,5.0,seg,run
01032020,Lakefill South,12.0,7.0,seg,run
01032020,Northwestern - Lakefront Southbound,20.0,7.0,seg,run
01032020,Lee to Hamilton 400m,48.0,7.0,seg,run
01032020,Vendra 2 - Evanston Beach,25.0,7.0,seg,run
01032020,Northwestern - Lakefront Northbound,25.0,7.0,seg,run
01032020,Heading north,8.0,7.0,seg,run
01032020,Dawes Park 400m,47.0,7.0,seg,run
01012020,Sheridan Road Climb,71.0,7.0,seg,run
01012020,Lakefront : south blvd to Greenleaf,45.0,7.0,seg,run
01012020,Lee to Hamilton 400m,48.0,7.0,seg,run
01012020,Vendra 2 - Evanston Beach,25.0,7.0,seg,run
01012020,Northwestern - Lakefront Northbound,25.0,7.0,seg,run
01012020,Heading north,8.0,7.0,seg,run
01012020,Dawes Park 400m,47.0,7.0,seg,run
12312019,Custer/South Blvd Saunter,40.0,1.0,seg,run
12302019,Sheridan Road Climb,71.0,4.0,seg,run
12302019,Lakefront : south blvd to Greenleaf,45.0,4.0,seg,run
12302019,Lee to Hamilton 400m,48.0,4.0,seg,run
12302019,Hamilton to Lee 400m,24.0,4.0,seg,run
12292019,Delwood to Casey,1.0,2.0,seg,run
12292019,Lowell to South Village,1.0,2.0,seg,run
12252019,Sheridan Road Climb,71.0,10.0,seg,run
12252019,Lakefront : south blvd to Greenleaf,45.0,10.0,seg,run
12252019,Lee to Hamilton 400m,48.0,10.0,seg,run
12252019,Vendra 2 - Evanston Beach,25.0,10.0,seg,run
12252019,Northwestern - Lakefront Northbound,25.0,10.0,seg,run
12252019,NU sheridan Rd,18.0,10.0,seg,run
12252019,Hamilton to Lee 400m,24.0,10.0,seg,run
12252019,Vendra 1 - Evanston Beach,30.0,10.0,seg,run
12252019,Lake Dash,19.0,10.0,seg,run
12252019,Dawes Park 400m,47.0,10.0,seg,run
12222019,Sheridan Hill to Gillson Park,20.0,3.0,seg,run
12222019,Prime Sidewalk,15.0,3.0,seg,run
12222019,Premium Sidewalk,23.0,3.0,seg,run
12202019,"Lakeshore pedestrian path, Addison to Aldine",21.0,7.0,seg,run
12202019,Lake Shore (Irving to Roscoe),23.0,7.0,seg,run
12202019,Downhill Belmont Harbor,21.0,7.0,seg,run
12202019,"Lakeshore pedestrian path, Barry to Addison",24.0,7.0,seg,run
12202019,Recreation Drive Sprint,24.0,7.0,seg,run
12202019,Belmont Harbor to Irving Park Rd,22.0,7.0,seg,run
12202019,Tennis Court Tree Lines,23.0,7.0,seg,run
12182019,ETHS - Hot Lap,8.0,2.0,seg,run
12182019,ETHS - Hot Lap,8.0,2.0,seg,run
12182019,ETHS - Hot Lap,8.0,2.0,seg,run
12182019,ETHS Mile,8.0,2.0,seg,run
12182019,ETHS - Hot Lap,8.0,2.0,seg,run
12182019,ETHS - Hot Lap,8.0,2.0,seg,run
12182019,ETHS - Hot Lap,8.0,2.0,seg,run
12182019,ETHS - Hot Lap,8.0,2.0,seg,run
12182019,ETHS Mile,8.0,2.0,seg,run
12182019,ETHS - Hot Lap,8.0,2.0,seg,run
12182019,ETHS - Hot Lap,8.0,2.0,seg,run
12182019,ETHS - Hot Lap,8.0,2.0,seg,run
12182019,ETHS - Hot Lap,8.0,2.0,seg,run
12182019,ETHS Mile,8.0,2.0,seg,run
12182019,ETHS - Hot Lap,8.0,2.0,seg,run
12182019,ETHS - Hot Lap,8.0,2.0,seg,run
12182019,ETHS - Hot Lap,8.0,2.0,seg,run
12182019,ETHS - Hot Lap,8.0,2.0,seg,run
12182019,ETHS Mile,8.0,2.0,seg,run
12182019,ETHS - Hot Lap,8.0,2.0,seg,run
12182019,ETHS - Hot Lap,8.0,2.0,seg,run
12182019,ETHS - Hot Lap,8.0,2.0,seg,run
12182019,ETHS - Hot Lap,8.0,2.0,seg,run
12182019,ETHS Mile,8.0,2.0,seg,run
12182019,ETHS - Hot Lap,8.0,2.0,seg,run
12172019,Custer/South Blvd Saunter,40.0,1.0,seg,run
12152019,Prime Sidewalk,15.0,1.0,seg,run
12132019,Sheridan Hill to Gillson Park,20.0,2.0,seg,run
12132019,Premium Sidewalk,23.0,2.0,seg,run
12112019,Sheridan Road Climb,71.0,1.0,seg,run
12102019,Sheridan Hill to Gillson Park,20.0,5.0,seg,run
12102019,ERC Water Station 2,1.0,5.0,seg,run
12102019,From Kenilworth to Gillson,2.0,5.0,seg,run
12102019,Prime Sidewalk,15.0,5.0,seg,run
12102019,Premium Sidewalk,23.0,5.0,seg,run
12092019,Custer/South Blvd Saunter,40.0,1.0,seg,run
11292019,Norwestern - Sheridan (running north),5.0,4.0,seg,run
11292019,Lakefill South,12.0,4.0,seg,run
11292019,Northwestern - Lakefront Southbound,20.0,4.0,seg,run
11292019,Evanston Flying Turkey 5k,1.0,4.0,seg,run
11282019,"Lakeshore pedestrian path, Addison to Aldine",21.0,9.0,seg,run
11282019,Lake Shore (Irving to Roscoe),23.0,9.0,seg,run
11282019,Downhill Belmont Harbor,21.0,9.0,seg,run
11282019,Diversey Bridge to Belmont Harbor,14.0,9.0,seg,run
11282019,Div to Belmont Sprint.,21.0,9.0,seg,run
11282019,"Lakeshore pedestrian path, Barry to Addison",24.0,9.0,seg,run
11282019,Recreation Drive Sprint,24.0,9.0,seg,run
11282019,Belmont Harbor to Irving Park Rd,22.0,9.0,seg,run
11282019,Tennis Court Tree Lines,23.0,9.0,seg,run
11262019,Sheridan Hill to Gillson Park,20.0,2.0,seg,run
11262019,Premium Sidewalk,23.0,2.0,seg,run
11202019,Sheridan Road Climb,71.0,10.0,seg,run
11202019,Lakefront : south blvd to Greenleaf,45.0,10.0,seg,run
11202019,Lee to Hamilton 400m,48.0,10.0,seg,run
11202019,Vendra 2 - Evanston Beach,25.0,10.0,seg,run
11202019,Northwestern - Lakefront Northbound,25.0,10.0,seg,run
11202019,Heading north,8.0,10.0,seg,run
11202019,Sheridan Hill to Gillson Park,20.0,10.0,seg,run
11202019,From Kenilworth to Gillson,2.0,10.0,seg,run
11202019,Prime Sidewalk,15.0,10.0,seg,run
11202019,Dawes Park 400m,47.0,10.0,seg,run
11192019,Sheridan Road Climb,71.0,1.0,seg,run
11162019,Hamilton to Lee 400m,24.0,2.0,seg,run
11162019,Dawes Park 400m,47.0,2.0,seg,run
11132019,Sheridan Road Climb,71.0,1.0,seg,run
11112019,Hamilton to Lee 400m,24.0,1.0,seg,run
11092019,Granville to Beach!,3.0,5.0,seg,run
11092019,Hollywood to Balmoral Run,4.0,5.0,seg,run
11092019,Foster to Lawrence,5.0,5.0,seg,run
11092019,Lawrence to Wilson LFP Run,5.0,5.0,seg,run
11092019,Wilson track lap,5.0,5.0,seg,run
11082019,ETHS - Hot Lap,8.0,2.0,seg,run
11082019,ETHS - Hot Lap,8.0,2.0,seg,run
11082019,ETHS - Hot Lap,8.0,2.0,seg,run
11082019,ETHS Mile,8.0,2.0,seg,run
11082019,ETHS - Hot Lap,8.0,2.0,seg,run
11082019,ETHS - Hot Lap,8.0,2.0,seg,run
11082019,ETHS - Hot Lap,8.0,2.0,seg,run
11082019,ETHS - Hot Lap,8.0,2.0,seg,run
11082019,ETHS Mile,8.0,2.0,seg,run
11082019,ETHS - Hot Lap,8.0,2.0,seg,run
11082019,ETHS - Hot Lap,8.0,2.0,seg,run
11082019,ETHS - Hot Lap,8.0,2.0,seg,run
11082019,ETHS - Hot Lap,8.0,2.0,seg,run
11082019,ETHS Mile,8.0,2.0,seg,run
11082019,ETHS - Hot Lap,8.0,2.0,seg,run
11082019,ETHS - Hot Lap,8.0,2.0,seg,run
11082019,ETHS - Hot Lap,8.0,2.0,seg,run
11082019,ETHS - Hot Lap,8.0,2.0,seg,run
11082019,ETHS Mile,8.0,2.0,seg,run
11082019,ETHS - Hot Lap,8.0,2.0,seg,run
11062019,Michigan ave- balbo to Roosevelt ,1.0,4.0,seg,run
11062019,Michigan Ave Chicago RNR,1.0,4.0,seg,run
11062019,35th St. Bridge East,1.0,4.0,seg,run
11062019,McCormick Place Sprint North,5.0,4.0,seg,run
11032019,ETHS - Hot Lap,8.0,2.0,seg,run
11032019,ETHS - Hot Lap,8.0,2.0,seg,run
11032019,ETHS - Hot Lap,8.0,2.0,seg,run
11032019,ETHS Mile,8.0,2.0,seg,run
11032019,ETHS - Hot Lap,8.0,2.0,seg,run
11032019,ETHS - Hot Lap,8.0,2.0,seg,run
11032019,ETHS - Hot Lap,8.0,2.0,seg,run
11032019,ETHS - Hot Lap,8.0,2.0,seg,run
11032019,ETHS Mile,8.0,2.0,seg,run
11032019,ETHS - Hot Lap,8.0,2.0,seg,run
11032019,ETHS - Hot Lap,8.0,2.0,seg,run
11032019,ETHS - Hot Lap,8.0,2.0,seg,run
11032019,ETHS - Hot Lap,8.0,2.0,seg,run
11032019,ETHS Mile,8.0,2.0,seg,run
11032019,ETHS - Hot Lap,8.0,2.0,seg,run
11032019,ETHS - Hot Lap,8.0,2.0,seg,run
11032019,ETHS - Hot Lap,8.0,2.0,seg,run
11032019,ETHS - Hot Lap,8.0,2.0,seg,run
11032019,ETHS - Hot Lap,8.0,2.0,seg,run
11032019,ETHS Mile,8.0,2.0,seg,run
11032019,ETHS - Hot Lap,8.0,2.0,seg,run
11032019,ETHS - Hot Lap,8.0,2.0,seg,run
11032019,ETHS - Hot Lap,8.0,2.0,seg,run
10292019,Vendra 1 - Evanston Beach,30.0,1.0,seg,run
10282019,Sheridan Hill to Gillson Park,20.0,2.0,seg,run
10282019,Premium Sidewalk,23.0,2.0,seg,run
10252019,Lake Shore (Irving to Roscoe),23.0,7.0,seg,run
10252019,"Lakeshore pedestrian path, Addison to Aldine",21.0,7.0,seg,run
10252019,Downhill Belmont Harbor,21.0,7.0,seg,run
10252019,"Lakeshore pedestrian path, Barry to Addison",24.0,7.0,seg,run
10252019,Recreation Drive Sprint,24.0,7.0,seg,run
10252019,Belmont Harbor to Irving Park Rd,22.0,7.0,seg,run
10252019,Tennis Court Tree Lines,23.0,7.0,seg,run
10252019,Northwestern - Lakefront Northbound,25.0,7.0,seg,run
10252019,NU to Bahai,3.0,7.0,seg,run
10252019,NU sheridan Rd,18.0,7.0,seg,run
10252019,Vendra 1 - Evanston Beach,30.0,7.0,seg,run
10252019,Lake Dash,19.0,7.0,seg,run
10252019,Dawes Park 400m,47.0,7.0,seg,run
10242019,Northwestern - Lakefront Northbound,25.0,6.0,seg,run
10242019,NU sheridan Rd,18.0,6.0,seg,run
10242019,Vendra 1 - Evanston Beach,30.0,6.0,seg,run
10242019,Hamilton to Lee 400m,24.0,6.0,seg,run
10242019,Lake Dash,19.0,6.0,seg,run
10242019,Dawes Park 400m,47.0,6.0,seg,run
10202019,"Lakeshore pedestrian path, Addison to Aldine",21.0,9.0,seg,run
10202019,Lake Shore (Irving to Roscoe),23.0,9.0,seg,run
10202019,Downhill Belmont Harbor,21.0,9.0,seg,run
10202019,Diversey Bridge to Belmont Harbor,14.0,9.0,seg,run
10202019,Div to Belmont Sprint.,21.0,9.0,seg,run
10202019,"Lakeshore pedestrian path, Barry to Addison",24.0,9.0,seg,run
10202019,Recreation Drive Sprint,24.0,9.0,seg,run
10202019,Belmont Harbor to Irving Park Rd,22.0,9.0,seg,run
10202019,Tennis Court Tree Lines,23.0,9.0,seg,run
10182019,ETHS - Hot Lap,8.0,2.0,seg,run
10182019,ETHS - Hot Lap,8.0,2.0,seg,run
10182019,ETHS - Hot Lap,8.0,2.0,seg,run
10182019,ETHS Mile,8.0,2.0,seg,run
10182019,ETHS - Hot Lap,8.0,2.0,seg,run
10182019,ETHS - Hot Lap,8.0,2.0,seg,run
10182019,ETHS - Hot Lap,8.0,2.0,seg,run
10182019,ETHS - Hot Lap,8.0,2.0,seg,run
10182019,ETHS Mile,8.0,2.0,seg,run
10182019,ETHS - Hot Lap,8.0,2.0,seg,run
10182019,ETHS - Hot Lap,8.0,2.0,seg,run
10182019,ETHS - Hot Lap,8.0,2.0,seg,run
10182019,ETHS - Hot Lap,8.0,2.0,seg,run
10182019,ETHS Mile,8.0,2.0,seg,run
10182019,ETHS - Hot Lap,8.0,2.0,seg,run
10182019,ETHS - Hot Lap,8.0,2.0,seg,run
10182019,ETHS - Hot Lap,8.0,2.0,seg,run
10182019,ETHS - Hot Lap,8.0,2.0,seg,run
10172019,Recreation Drive Sprint,24.0,3.0,seg,run
10172019,Tennis Court Tree Lines,23.0,3.0,seg,run
10172019,Irving Park to Montrose,8.0,3.0,seg,run
10152019,Sheridan Road Climb,71.0,3.0,seg,run
10152019,Rounding Calvary Cemetery - South,13.0,3.0,seg,run
10152019,Rounding Calvary Cemetery - North,9.0,3.0,seg,run
10142019,Sheridan Road Climb,71.0,7.0,seg,run
10142019,Lakefront : south blvd to Greenleaf,45.0,7.0,seg,run
10142019,Lee to Hamilton 400m,48.0,7.0,seg,run
10142019,Vendra 2 - Evanston Beach,25.0,7.0,seg,run
10142019,Vendra 1 - Evanston Beach,30.0,7.0,seg,run
10142019,SE Evanston Lakefront 5K,1.0,7.0,seg,run
10142019,Dawes Park 400m,47.0,7.0,seg,run
10142019,Sheridan Road Climb,71.0,7.0,seg,run
10142019,Lakefront : south blvd to Greenleaf,45.0,7.0,seg,run
10142019,Lee to Hamilton 400m,48.0,7.0,seg,run
10142019,Arrington Lagoon Loop,8.0,7.0,seg,run
10142019,Hamilton to Lee 400m,24.0,7.0,seg,run
10142019,Dawes Park 400m,47.0,7.0,seg,run
10122019,Sheridan Road Climb,71.0,3.0,seg,run
10122019,Rounding Calvary Cemetery - South,13.0,3.0,seg,run
10122019,Rounding Calvary Cemetery - North,9.0,3.0,seg,run
10102019,ETHS - Hot Lap,8.0,2.0,seg,run
10102019,ETHS - Hot Lap,8.0,2.0,seg,run
10102019,ETHS - Hot Lap,8.0,2.0,seg,run
10102019,ETHS Mile,8.0,2.0,seg,run
10102019,ETHS - Hot Lap,8.0,2.0,seg,run
10102019,ETHS - Hot Lap,8.0,2.0,seg,run
10102019,ETHS - Hot Lap,8.0,2.0,seg,run
10102019,ETHS - Hot Lap,8.0,2.0,seg,run
10102019,ETHS Mile,8.0,2.0,seg,run
10102019,ETHS - Hot Lap,8.0,2.0,seg,run
10102019,ETHS - Hot Lap,8.0,2.0,seg,run
10102019,ETHS - Hot Lap,8.0,2.0,seg,run
10102019,ETHS - Hot Lap,8.0,2.0,seg,run
10102019,ETHS Mile,8.0,2.0,seg,run
10102019,ETHS - Hot Lap,8.0,2.0,seg,run
10102019,ETHS - Hot Lap,8.0,2.0,seg,run
10102019,ETHS - Hot Lap,8.0,2.0,seg,run
10102019,ETHS - Hot Lap,8.0,2.0,seg,run
10102019,ETHS Mile,8.0,2.0,seg,run
10102019,ETHS - Hot Lap,8.0,2.0,seg,run
10092019,Premium Sidewalk,23.0,2.0,seg,run
10092019,Prime Sidewalk,15.0,2.0,seg,run
10042019,"Lakeshore pedestrian path, Addison to Aldine",21.0,7.0,seg,run
10042019,Lake Shore (Irving to Roscoe),23.0,7.0,seg,run
10042019,Hibachi HarborðŸ”¥ðŸ¥µ,2.0,7.0,seg,run
10042019,Recreation Drive Sprint,24.0,7.0,seg,run
10042019,Tennis Court Tree Lines,23.0,7.0,seg,run
10042019,Belmont to Montrose,2.0,7.0,seg,run
10042019,Irving Park to Montrose,8.0,7.0,seg,run
10032019,ETHS - Hot Lap,8.0,2.0,seg,run
10032019,ETHS - Hot Lap,8.0,2.0,seg,run
10032019,ETHS - Hot Lap,8.0,2.0,seg,run
10032019,ETHS Mile,8.0,2.0,seg,run
10032019,ETHS - Hot Lap,8.0,2.0,seg,run
10032019,ETHS - Hot Lap,8.0,2.0,seg,run
10032019,ETHS - Hot Lap,8.0,2.0,seg,run
10032019,ETHS - Hot Lap,8.0,2.0,seg,run
10032019,ETHS Mile,8.0,2.0,seg,run
10032019,ETHS - Hot Lap,8.0,2.0,seg,run
10032019,ETHS - Hot Lap,8.0,2.0,seg,run
10032019,ETHS - Hot Lap,8.0,2.0,seg,run
10032019,ETHS - Hot Lap,8.0,2.0,seg,run
10032019,ETHS Mile,8.0,2.0,seg,run
10032019,ETHS - Hot Lap,8.0,2.0,seg,run
10032019,ETHS - Hot Lap,8.0,2.0,seg,run
10032019,ETHS - Hot Lap,8.0,2.0,seg,run
10032019,ETHS - Hot Lap,8.0,2.0,seg,run
10032019,ETHS Mile,8.0,2.0,seg,run
10032019,ETHS - Hot Lap,8.0,2.0,seg,run
10022019,Northwestern - Lakefront Southbound,20.0,3.0,seg,run
10022019,Vendra 1 - Evanston Beach,30.0,3.0,seg,run
10022019,Dawes Park 400m,47.0,3.0,seg,run
09302019,Sheridan Road Climb,71.0,3.0,seg,run
09302019,Rounding Calvary Cemetery - South,13.0,3.0,seg,run
09302019,Rounding Calvary Cemetery - North,9.0,3.0,seg,run
09262019,Sheridan Road Climb,71.0,7.0,seg,run
09262019,Lakefront : south blvd to Greenleaf,45.0,7.0,seg,run
09262019,Vendra 2 - Evanston Beach,25.0,7.0,seg,run
09262019,Northwestern - Lakefront Northbound,25.0,7.0,seg,run
09262019,Heading north,8.0,7.0,seg,run
09262019,Lee to Hamilton 400m,48.0,7.0,seg,run
09262019,Dawes Park 400m,47.0,7.0,seg,run
09262019,"Lakeshore pedestrian path, Addison to Aldine",21.0,7.0,seg,run
09262019,Lake Shore (Irving to Roscoe),23.0,7.0,seg,run
09262019,Downhill Belmont Harbor,21.0,7.0,seg,run
09262019,Div to Belmont Sprint.,21.0,7.0,seg,run
09262019,"Lakeshore pedestrian path, Barry to Addison",24.0,7.0,seg,run
09262019,Recreation Drive Sprint,24.0,7.0,seg,run
09262019,Belmont Harbor to Irving Park Rd,22.0,7.0,seg,run
09262019,Tennis Court Tree Lines,23.0,7.0,seg,run
09192019,"Lakeshore pedestrian path, Addison to Aldine",21.0,4.0,seg,run
09192019,Lake Shore (Irving to Roscoe),23.0,4.0,seg,run
09192019,Hibachi HarborðŸ”¥ðŸ¥µ,2.0,4.0,seg,run
09192019,Rocky Rumble Tumble Reverse,5.0,4.0,seg,run
09172019,"Lakeshore pedestrian path, Addison to Aldine",21.0,8.0,seg,run
09172019,Lake Shore (Irving to Roscoe),23.0,8.0,seg,run
09172019,Downhill Belmont Harbor,21.0,8.0,seg,run
09172019,Div to Belmont Sprint.,21.0,8.0,seg,run
09172019,"Lakeshore pedestrian path, Barry to Addison",24.0,8.0,seg,run
09172019,Recreation Drive Sprint,24.0,8.0,seg,run
09172019,Belmont Harbor to Irving Park Rd,22.0,8.0,seg,run
09172019,Tennis Court Tree Lines,23.0,8.0,seg,run
09122019,NB Bikeway,1.0,3.0,seg,run
09122019,Lake Dash,19.0,3.0,seg,run
09122019,Dawes Park 400m,47.0,3.0,seg,run
09122019,Sheridan Hill to Gillson Park,20.0,3.0,seg,run
09122019,Premium Sidewalk,23.0,3.0,seg,run
09122019,Prime Sidewalk,15.0,3.0,seg,run
09112019,"Lakeshore pedestrian path, Addison to Aldine",21.0,8.0,seg,run
09112019,Lake Shore (Irving to Roscoe),23.0,8.0,seg,run
09112019,Downhill Belmont Harbor,21.0,8.0,seg,run
09112019,Div to Belmont Sprint.,21.0,8.0,seg,run
09112019,"Lakeshore pedestrian path, Barry to Addison",24.0,8.0,seg,run
09112019,Recreation Drive Sprint,24.0,8.0,seg,run
09112019,Belmont Harbor to Irving Park Rd,22.0,8.0,seg,run
09112019,Tennis Court Tree Lines,23.0,8.0,seg,run
09102019,Wilson track lap,5.0,2.0,seg,run
09102019,Wilson track lap,5.0,2.0,seg,run
09102019,Wilson track lap,5.0,2.0,seg,run
09102019,Wilson track lap,5.0,2.0,seg,run
09102019,Wilson track lap,5.0,2.0,seg,run
09102019,Wilson track lap,5.0,2.0,seg,run
09102019,Wilson track lap,5.0,2.0,seg,run
09102019,Wilson track lap,5.0,2.0,seg,run
09102019,Wilson Track Mile ,4.0,2.0,seg,run
09102019,Wilson Track Mile ,4.0,2.0,seg,run
09072019,Rocky Rumble Tumble Reverse,5.0,1.0,seg,run
09072019,Northwestern - Lakefront Northbound,25.0,1.0,seg,run
09072019,Lake Dash,19.0,1.0,seg,run
09062019,Sheridan Hill to Gillson Park,20.0,3.0,seg,run
09062019,Premium Sidewalk,23.0,3.0,seg,run
09062019,Prime Sidewalk,15.0,3.0,seg,run
09062019,New Fullerton Path,12.0,3.0,seg,run
09062019,Second Flagpole to Belmont,3.0,3.0,seg,run
09062019,Div to Belmont Sprint.,21.0,3.0,seg,run
09062019,"Lakeshore pedestrian path, Barry to Addison",24.0,3.0,seg,run
09062019,Recreation Drive Sprint,24.0,3.0,seg,run
09062019,Belmont Harbor to Irving Park Rd,22.0,3.0,seg,run
09042019,Hamilton to Lee 400m,24.0,1.0,seg,run
09022019,Thru the Diag - east,1.0,2.0,seg,run
09022019,Hill St - E University to S State,1.0,2.0,seg,run
08292019,Washtenaw Hill 2 (W to E),2.0,4.0,seg,run
08292019,TJ's to Brockman,2.0,4.0,seg,run
08292019,Stadium: Washtenaw to Packard,2.0,4.0,seg,run
08292019,Washtenaw: Hill to Stadium,1.0,4.0,seg,run
08282019,Prime Sidewalk,15.0,1.0,seg,run
08232019,Custer/South Blvd Saunter,40.0,4.0,seg,run
08232019,Arrington Lagoon Loop,8.0,4.0,seg,run
08232019,Hamilton to Lee 400m,24.0,4.0,seg,run
08232019,Dawes Park 400m,47.0,4.0,seg,run
08222019,Sheridan Road Climb,71.0,5.0,seg,run
08222019,Lakefront : south blvd to Greenleaf,45.0,5.0,seg,run
08222019,Arrington Lagoon Loop,8.0,5.0,seg,run
08222019,Lee to Hamilton 400m,48.0,5.0,seg,run
08222019,Dawes Park 400m,47.0,5.0,seg,run
08202019,Sheridan Road Climb,71.0,7.0,seg,run
08202019,Lakefront : south blvd to Greenleaf,45.0,7.0,seg,run
08202019,Vendra 2 - Evanston Beach,25.0,7.0,seg,run
08202019,Northwestern - Lakefront Northbound,25.0,7.0,seg,run
08202019,Heading north,8.0,7.0,seg,run
08202019,Lee to Hamilton 400m,48.0,7.0,seg,run
08202019,Dawes Park 400m,47.0,7.0,seg,run
08182019,"Lakeshore pedestrian path, Addison to Aldine",21.0,8.0,seg,run
08182019,Lake Shore (Irving to Roscoe),23.0,8.0,seg,run
08182019,Downhill Belmont Harbor,21.0,8.0,seg,run
08182019,Div to Belmont Sprint.,21.0,8.0,seg,run
08182019,"Lakeshore pedestrian path, Barry to Addison",24.0,8.0,seg,run
08182019,Recreation Drive Sprint,24.0,8.0,seg,run
08182019,Belmont Harbor to Irving Park Rd,22.0,8.0,seg,run
08182019,Tennis Court Tree Lines,23.0,8.0,seg,run
08142019,Lake Shore Curve North,5.0,18.0,seg,run
08142019,Oak St. to Division Underpass,5.0,18.0,seg,run
08142019,N Dearborn Pkwy Climb,8.0,18.0,seg,run
08142019,Kudos to Cooler Temps,7.0,18.0,seg,run
08142019,Underpass to Volleyball Shack,5.0,18.0,seg,run
08142019,N. Ave Bridge to Belmont Sign,11.0,18.0,seg,run
08142019,Div to Belmont Sprint.,21.0,18.0,seg,run
08142019,Diversey Bridge to Belmont Harbor,14.0,18.0,seg,run
08142019,Lake Front - South Lagoon,9.0,18.0,seg,run
08142019,Kudos to Electrolytes,6.0,18.0,seg,run
08142019,Nature Museum to Goethe St.,2.0,18.0,seg,run
08142019,lululemon Ghost Race CHI,1.0,18.0,seg,run
08142019,Burst of Speed,3.0,18.0,seg,run
08142019,Lincoln Park to Gold Coast,2.0,18.0,seg,run
08142019,Lake Shore Curve South,2.0,18.0,seg,run
08142019,Sprint The Curve ,1.0,18.0,seg,run
08142019,Belmont to Second Flagpole,10.0,18.0,seg,run
08142019,Brooks Best Fest Chicago,7.0,18.0,seg,run
08112019,"Lakeshore pedestrian path, Addison to Aldine",21.0,9.0,seg,run
08112019,Lake Shore (Irving to Roscoe),23.0,9.0,seg,run
08112019,Downhill Belmont Harbor,21.0,9.0,seg,run
08112019,Diversey Bridge to Belmont Harbor,14.0,9.0,seg,run
08112019,Div to Belmont Sprint.,21.0,9.0,seg,run
08112019,"Lakeshore pedestrian path, Barry to Addison",24.0,9.0,seg,run
08112019,Recreation Drive Sprint,24.0,9.0,seg,run
08112019,Belmont Harbor to Irving Park Rd,22.0,9.0,seg,run
08112019,Tennis Court Tree Lines,23.0,9.0,seg,run
08092019,"Lakeshore pedestrian path, Addison to Aldine",21.0,8.0,seg,run
08092019,Lake Shore (Irving to Roscoe),23.0,8.0,seg,run
08092019,Downhill Belmont Harbor,21.0,8.0,seg,run
08092019,Diversey to Belmont Sprint,3.0,8.0,seg,run
08092019,"Lakeshore pedestrian path, Barry to Addison",24.0,8.0,seg,run
08092019,Recreation Drive Sprint,24.0,8.0,seg,run
08092019,Belmont Harbor to Irving Park Rd,22.0,8.0,seg,run
08092019,Tennis Court Tree Lines,23.0,8.0,seg,run
08072019,Lake Shore Drive River Bridge South,1.0,11.0,seg,run
08072019,Lakefront from river to Monroe,1.0,11.0,seg,run
08072019,Shark Board Finish Pick-up,1.0,11.0,seg,run
08072019,Notch to Notch,1.0,11.0,seg,run
08072019,Monroe Harbour Straight,1.0,11.0,seg,run
08072019,Shedd Shot South,2.0,11.0,seg,run
08072019,Chicago River to Planetarium Point,1.0,11.0,seg,run
08072019,Aquarium-Planeterium,1.0,11.0,seg,run
08072019,Shedd Shot North,4.0,11.0,seg,run
08072019,Monroe Harbor Mile,3.0,11.0,seg,run
08072019,Navy Pier Flyover Uphill,1.0,11.0,seg,run
08052019,Custer/South Blvd Saunter,40.0,1.0,seg,run
08042019,Custer/South Blvd Saunter,40.0,5.0,seg,run
08042019,Lakefill South,12.0,5.0,seg,run
08042019,Northwestern - Lakefront Southbound,20.0,5.0,seg,run
08042019,Northwestern Lakefront South,5.0,5.0,seg,run
08042019,Vendra 1 - Evanston Beach,30.0,5.0,seg,run
08012019,"Lakeshore pedestrian path, Addison to Aldine",21.0,6.0,seg,run
08012019,Lake Shore (Irving to Roscoe),23.0,6.0,seg,run
08012019,Downhill Belmont Harbor,21.0,6.0,seg,run
08012019,Diversey to Belmont Sprint,3.0,6.0,seg,run
08012019,"Lakeshore pedestrian path, Barry to Addison",24.0,6.0,seg,run
08012019,Rocky Rumble Tumble Reverse,5.0,6.0,seg,run
07302019,SPAC BAC,5.0,5.0,seg,run
07302019,Lakefill South,12.0,5.0,seg,run
07302019,Northwestern Lakefront South,5.0,5.0,seg,run
07302019,Northwestern - Lakefront Southbound,20.0,5.0,seg,run
07302019,Dawes Park 400m,47.0,5.0,seg,run
07262019,Sheridan Road Climb,71.0,5.0,seg,run
07262019,Lakefront : south blvd to Greenleaf,45.0,5.0,seg,run
07262019,Arrington Lagoon Loop,8.0,5.0,seg,run
07262019,Lee to Hamilton 400m,48.0,5.0,seg,run
07262019,Dawes Park 400m,47.0,5.0,seg,run
07252019,"Lakeshore pedestrian path, Addison to Aldine",21.0,12.0,seg,run
07252019,Lake Shore (Irving to Roscoe),23.0,12.0,seg,run
07252019,Downhill Belmont Harbor,21.0,12.0,seg,run
07252019,Diversey Bridge to Belmont Harbor,14.0,12.0,seg,run
07252019,New Fullerton Path,12.0,12.0,seg,run
07252019,Div to Belmont Sprint.,21.0,12.0,seg,run
07252019,"Lakeshore pedestrian path, Barry to Addison",24.0,12.0,seg,run
07252019,Recreation Drive Sprint,24.0,12.0,seg,run
07252019,Belmont Harbor to Irving Park Rd,22.0,12.0,seg,run
07252019,Tennis Court Tree Lines,23.0,12.0,seg,run
07252019,Second Flagpole to Belmont,3.0,12.0,seg,run
07252019,Belmont to Second Flagpole,10.0,12.0,seg,run
07242019,Park Evanston - Lake Michingan,9.0,7.0,seg,run
07242019,Rounding Calvary Cemetery - South,13.0,7.0,seg,run
07242019,Rounding Calvary Cemetery - North,9.0,7.0,seg,run
07242019,Lakefront : south blvd to Greenleaf,45.0,7.0,seg,run
07242019,Vendra 2 - Evanston Beach,25.0,7.0,seg,run
07242019,Lee to Hamilton 400m,48.0,7.0,seg,run
07242019,Dawes Park 400m,47.0,7.0,seg,run
07222019,Sheridan Rd to SPAC,4.0,8.0,seg,run
07222019,Lakefill South,12.0,8.0,seg,run
07222019,Northwestern - Lakefront Southbound,20.0,8.0,seg,run
07222019,Vendra 1 - Evanston Beach,30.0,8.0,seg,run
07222019,Hamilton to Lee 400m,24.0,8.0,seg,run
07222019,Lakefront : south blvd to Greenleaf,45.0,8.0,seg,run
07222019,Vendra 2 - Evanston Beach,25.0,8.0,seg,run
07222019,Lee to Hamilton 400m,48.0,8.0,seg,run
07172019,Sheridan Hill to Gillson Park,20.0,3.0,seg,run
07172019,Premium Sidewalk,23.0,3.0,seg,run
07172019,Prime Sidewalk,15.0,3.0,seg,run
07112019,"Lakeshore pedestrian path, Addison to Aldine",21.0,8.0,seg,run
07112019,Lake Shore (Irving to Roscoe),23.0,8.0,seg,run
07112019,Downhill Belmont Harbor,21.0,8.0,seg,run
07112019,Diversey to Belmont Sprint,3.0,8.0,seg,run
07112019,"Lakeshore pedestrian path, Barry to Addison",24.0,8.0,seg,run
07112019,Recreation Drive Sprint,24.0,8.0,seg,run
07112019,Belmont Harbor to Irving Park Rd,22.0,8.0,seg,run
07112019,Tennis Court Tree Lines,23.0,8.0,seg,run
07092019,Sheridan Hill to Gillson Park,20.0,3.0,seg,run
07092019,Premium Sidewalk,23.0,3.0,seg,run
07092019,Prime Sidewalk,15.0,3.0,seg,run
07082019,Sheridan Road Climb,71.0,3.0,seg,run
07082019,Lakefront : south blvd to Greenleaf,45.0,3.0,seg,run
07082019,Lee to Hamilton 400m,48.0,3.0,seg,run
07082019,N Dearborn Pkwy Climb,8.0,3.0,seg,run
07082019,Kudos to Cooler Temps,7.0,3.0,seg,run
07082019,Lake Front Sandy Path,10.0,3.0,seg,run
07082019,New Fullerton Path,12.0,3.0,seg,run
07082019,The Grind: 48,5.0,3.0,seg,run
07082019,N. Ave Bridge to Belmont Sign,11.0,3.0,seg,run
07082019,Div to Belmont Sprint.,21.0,3.0,seg,run
07082019,Weav Run RACE THIS 5K CHALLENGE!,6.0,3.0,seg,run
07082019,Diversey Bridge to Belmont Harbor,14.0,3.0,seg,run
07082019,Lake Front - South Lagoon,9.0,3.0,seg,run
07082019,Roscoe to Castaway,5.0,3.0,seg,run
07082019,Kudos to Electrolytes,6.0,3.0,seg,run
07082019,Nature Museum to Goethe St.,2.0,3.0,seg,run
07082019,Burst of Speed,3.0,3.0,seg,run
07082019,Lincoln Park to Gold Coast,2.0,3.0,seg,run
07082019,Belmont to Second Flagpole,10.0,3.0,seg,run
07082019,Brooks Best Fest Chicago,7.0,3.0,seg,run
07072019,Sheridan Road Climb,71.0,3.0,seg,run
07072019,Rounding Calvary Cemetery - South,13.0,3.0,seg,run
07072019,Rounding Calvary Cemetery - North,9.0,3.0,seg,run
07042019,Sheridan Road Climb,71.0,4.0,seg,run
07042019,Lakefront : south blvd to Greenleaf,45.0,4.0,seg,run
07042019,Lee to Hamilton 400m,48.0,4.0,seg,run
07042019,Dawes Park 400m,47.0,4.0,seg,run
07022019,Stellar from Mandel,4.0,2.0,seg,run
07022019,400 M on SHS track,3.0,2.0,seg,run
06292019,Attack of the Geese,2.0,18.0,seg,run
06292019,Hawthorne to Morrison,2.0,18.0,seg,run
06292019,Morrison to Burnside,2.0,18.0,seg,run
06292019,Burnside to Steel Bridge,2.0,18.0,seg,run
06292019,Hawthorne to Steel Westside,2.0,18.0,seg,run
06292019,Steel Bridge crossing West to East,2.0,18.0,seg,run
06292019,Segment,2.0,18.0,seg,run
06292019,Blur the Pencils SB,2.0,18.0,seg,run
06292019,Bridge to Nowhere SB,2.0,18.0,seg,run
06292019,Steel Bridge to Hawthorne Bridge,1.0,18.0,seg,run
06292019,Burnside to Hawthorne,1.0,18.0,seg,run
06292019,Scientific Opera,1.0,18.0,seg,run
06292019,Operatic Science,1.0,18.0,seg,run
06292019,Blur the Pencils,2.0,18.0,seg,run
06292019,Hawthorne Bridge to Steel Bridge,1.0,18.0,seg,run
06292019,Steel Bridge crossing,2.0,18.0,seg,run
06292019,Magic Mile WJB3,2.0,18.0,seg,run
06292019,"Naito, Steel Bridge to 9th",1.0,18.0,seg,run
06282019,Stellar from Mandel,4.0,2.0,seg,run
06282019,400 M on SHS track,3.0,2.0,seg,run
06282019,400 M on SHS track,3.0,2.0,seg,run
06282019,400 M on SHS track,3.0,2.0,seg,run
06282019,400 M on SHS track,3.0,2.0,seg,run
06282019,400 M on SHS track,3.0,2.0,seg,run
06282019,400 M on SHS track,3.0,2.0,seg,run
06282019,400 M on SHS track,3.0,2.0,seg,run
06282019,400 M on SHS track,3.0,2.0,seg,run
06282019,400 M on SHS track,3.0,2.0,seg,run
06282019,400 M on SHS track,3.0,2.0,seg,run
06282019,400 M on SHS track,3.0,2.0,seg,run
06282019,Stellar from Mandel,4.0,2.0,seg,run
06282019,400 M on SHS track,3.0,2.0,seg,run
06272019,Stellar from Mandel,4.0,1.0,seg,run
06262019,Attack of the Geese,2.0,18.0,seg,run
06262019,Hawthorne to Morrison,2.0,18.0,seg,run
06262019,Morrison to Burnside,2.0,18.0,seg,run
06262019,Burnside to Steel Bridge,2.0,18.0,seg,run
06262019,Hawthorne to Steel Westside,2.0,18.0,seg,run
06262019,Steel Bridge crossing West to East,2.0,18.0,seg,run
06262019,Segment,2.0,18.0,seg,run
06262019,Blur the Pencils SB,2.0,18.0,seg,run
06262019,Bridge to Nowhere SB,2.0,18.0,seg,run
06262019,Blur the Pencils,2.0,18.0,seg,run
06262019,Steel Bridge crossing,2.0,18.0,seg,run
06262019,Steel to Burnside,1.0,18.0,seg,run
06262019,Memorial to Morrison Bridge,1.0,18.0,seg,run
06262019,Morrison to Hawthorne,1.0,18.0,seg,run
06262019,Southwest Montgomery Street Climb,1.0,18.0,seg,run
06262019,Short but demoralizing...,1.0,18.0,seg,run
06262019,Brooks Best Fest Portland,1.0,18.0,seg,run
06262019,Magic Mile WJB3,2.0,18.0,seg,run
06232019,Stella Olson Park,2.0,1.0,seg,run
06232019,"Lakeshore pedestrian path, Addison to Aldine",21.0,1.0,seg,run
06232019,Lake Shore (Irving to Roscoe),23.0,1.0,seg,run
06232019,Downhill Belmont Harbor,21.0,1.0,seg,run
06232019,Diversey Bridge to Belmont Harbor,14.0,1.0,seg,run
06232019,New Fullerton Path,12.0,1.0,seg,run
06232019,Div to Belmont Sprint.,21.0,1.0,seg,run
06232019,"Lakeshore pedestrian path, Barry to Addison",24.0,1.0,seg,run
06232019,Recreation Drive Sprint,24.0,1.0,seg,run
06232019,Belmont Harbor to Irving Park Rd,22.0,1.0,seg,run
06232019,Tennis Court Tree Lines,23.0,1.0,seg,run
06232019,Second Flagpole to Belmont,3.0,1.0,seg,run
06232019,Belmont to Second Flagpole,10.0,1.0,seg,run
06192019,Sheridan Road Climb,71.0,6.0,seg,run
06192019,Lakefront : south blvd to Greenleaf,45.0,6.0,seg,run
06192019,Vendra 2 - Evanston Beach,25.0,6.0,seg,run
06192019,Northwestern - Lakefront Northbound,25.0,6.0,seg,run
06192019,Lakefill South (running north),1.0,6.0,seg,run
06192019,Lee to Hamilton 400m,48.0,6.0,seg,run
06172019,Custer/South Blvd Saunter,40.0,4.0,seg,run
06172019,NU sheridan Rd,18.0,4.0,seg,run
06172019,Vendra 1 - Evanston Beach,30.0,4.0,seg,run
06172019,Lake Dash,19.0,4.0,seg,run
06142019,Vendra 1 - Evanston Beach,30.0,4.0,seg,run
06142019,Vendra 2 - Evanston Beach,25.0,4.0,seg,run
06142019,Lee to Hamilton 400m,48.0,4.0,seg,run
06142019,Lake Dash,19.0,4.0,seg,run
06112019,Sheridan Road Climb,71.0,5.0,seg,run
06112019,Lakefront : south blvd to Greenleaf,45.0,5.0,seg,run
06112019,Arrington Lagoon Loop,8.0,5.0,seg,run
06112019,Lee to Hamilton 400m,48.0,5.0,seg,run
06112019,Dawes Park 400m,47.0,5.0,seg,run
06112019,Sheridan Road Climb,71.0,5.0,seg,run
06112019,Lakefront : south blvd to Greenleaf,45.0,5.0,seg,run
06112019,Arrington Lagoon Loop,8.0,5.0,seg,run
06112019,Hamilton to Lee 400m,24.0,5.0,seg,run
06112019,Lee to Hamilton 400m,48.0,5.0,seg,run
06112019,Dawes Park 400m,47.0,5.0,seg,run
06082019,Canal to Sheridan,2.0,1.0,seg,run
06062019,"Lakeshore pedestrian path, Addison to Aldine",21.0,19.0,seg,run
06062019,Lake Shore (Irving to Roscoe),23.0,19.0,seg,run
06062019,Downhill Belmont Harbor,21.0,19.0,seg,run
06062019,Diversey Bridge to Belmont Harbor,14.0,19.0,seg,run
06062019,Lake Front - South Lagoon,9.0,19.0,seg,run
06062019,quick mile,2.0,19.0,seg,run
06062019,Roscoe to Castaway,5.0,19.0,seg,run
06062019,Kudos to Electrolytes,6.0,19.0,seg,run
06062019,Lake Front Sandy Path,10.0,19.0,seg,run
06062019,Fullerton water fountain to Castaways loop,1.0,19.0,seg,run
06062019,New Fullerton Path,12.0,19.0,seg,run
06062019,N. Ave Bridge to Belmont Sign,11.0,19.0,seg,run
06062019,Div to Belmont Sprint.,21.0,19.0,seg,run
06062019,"Lakeshore pedestrian path, Barry to Addison",24.0,19.0,seg,run
06062019,Recreation Drive Sprint,24.0,19.0,seg,run
06062019,Belmont Harbor to Irving Park Rd,22.0,19.0,seg,run
06062019,Tennis Court Tree Lines,23.0,19.0,seg,run
06062019,Belmont to Second Flagpole,10.0,19.0,seg,run
06062019,Brooks Best Fest Chicago,7.0,19.0,seg,run
06052019,Sheridan Road Climb,71.0,5.0,seg,run
06052019,Lakefront : south blvd to Greenleaf,45.0,5.0,seg,run
06052019,Vendra 2 - Evanston Beach,25.0,5.0,seg,run
06052019,Northwestern - Lakefront Northbound,25.0,5.0,seg,run
06052019,Lee to Hamilton 400m,48.0,5.0,seg,run
05262019,Rounding Calvary Cemetery - North,9.0,9.0,seg,run
05262019,Lakefront : south blvd to Greenleaf,45.0,9.0,seg,run
05262019,Vendra 2 - Evanston Beach,25.0,9.0,seg,run
05262019,Northwestern - Lakefront Northbound,25.0,9.0,seg,run
05262019,NU outer lake,1.0,9.0,seg,run
05262019,Northwestern - Lakefront Southbound,20.0,9.0,seg,run
05262019,Vendra 1 - Evanston Beach,30.0,9.0,seg,run
05262019,Lee to Hamilton 400m,48.0,9.0,seg,run
05262019,Dawes Park 400m,47.0,9.0,seg,run
05252019,Sheridan Road Climb,71.0,2.0,seg,run
05252019,Rounding Calvary Cemetery - South,13.0,2.0,seg,run
05252019,Shedd Shot South,2.0,2.0,seg,run
05252019,Waldron to East Tunnel,2.0,2.0,seg,run
05252019,McCormick Place Sprint,2.0,2.0,seg,run
05252019,Lakefront Trail - Field Museum to I55,1.0,2.0,seg,run
05252019,F3-5K-Mile2,2.0,2.0,seg,run
05252019,33rd to 37th - path along LSD,2.0,2.0,seg,run
05252019,39th Street Beach,2.0,2.0,seg,run
05252019,Morgan Point Hill southbound,2.0,2.0,seg,run
05252019,Shipwreck beach to the top of 47th st,2.0,2.0,seg,run
05252019,Meghan Point to Burnham Park (Oakland shoal!),2.0,2.0,seg,run
05252019,McCormick Place Sprint North,5.0,2.0,seg,run
05252019,Pershing Point- N end of McCormick,2.0,2.0,seg,run
05252019,Dockside Sprint,3.0,2.0,seg,run
05252019,F3-5K-Mile3,3.0,2.0,seg,run
05252019,Uphill Harbor Haul,2.0,2.0,seg,run
05252019,Shedd Shot North,4.0,2.0,seg,run
05252019,Waldron and around Shedd,2.0,2.0,seg,run
05252019,Lakefront Trail - I55 to Field Museum,3.0,2.0,seg,run
05252019,chi south maf,1.0,2.0,seg,run
05252019,The Lunch Run Stride,1.0,2.0,seg,run
05252019,Burnham to Monroe Harbor,3.0,2.0,seg,run
05252019,Home Stretch - Chicago Spring Half Marathon,1.0,2.0,seg,run
05192019,Sheridan Road Climb,71.0,3.0,seg,run
05192019,Rounding Calvary Cemetery - South,13.0,3.0,seg,run
05192019,Rounding Calvary Cemetery - North,9.0,3.0,seg,run
05162019,Wilson track lap,5.0,2.0,seg,run
05162019,Wilson track lap,5.0,2.0,seg,run
05162019,Wilson track lap,5.0,2.0,seg,run
05162019,Wilson track lap,5.0,2.0,seg,run
05162019,Wilson track lap,5.0,2.0,seg,run
05162019,Wilson track lap,5.0,2.0,seg,run
05162019,Wilson track lap,5.0,2.0,seg,run
05162019,Wilson track lap,5.0,2.0,seg,run
05162019,Wilson track lap,5.0,2.0,seg,run
05162019,Wilson track lap,5.0,2.0,seg,run
05162019,Wilson track lap,5.0,2.0,seg,run
05162019,Wilson track lap,5.0,2.0,seg,run
05162019,Wilson track lap,5.0,2.0,seg,run
05162019,Wilson track lap,5.0,2.0,seg,run
05162019,Wilson track lap,5.0,2.0,seg,run
05162019,Wilson Track Mile ,4.0,2.0,seg,run
05162019,Wilson Track Mile ,4.0,2.0,seg,run
05162019,Wilson Track Mile ,4.0,2.0,seg,run
05142019,Norwestern - Sheridan (running north),5.0,5.0,seg,run
05142019,Sheridan Rd to SPAC,4.0,5.0,seg,run
05142019,Lakefill South,12.0,5.0,seg,run
05142019,Northwestern - Lakefront Southbound,20.0,5.0,seg,run
05142019,Norwestern - Sheridan (running north),5.0,5.0,seg,run
05142019,Sheridan Rd to SPAC,4.0,5.0,seg,run
05142019,Lakefill South,12.0,5.0,seg,run
05142019,Stoplight Dash,3.0,5.0,seg,run
05142019,Stoplight Dash,3.0,5.0,seg,run
05122019,NU sheridan Rd,18.0,6.0,seg,run
05122019,Rounding Calvary Cemetery - South,13.0,6.0,seg,run
05122019,Sheridan Hill to Gillson Park,20.0,6.0,seg,run
05122019,Premium Sidewalk,23.0,6.0,seg,run
05122019,Lake Dash,19.0,6.0,seg,run
05122019,Prime Sidewalk,15.0,6.0,seg,run
05082019,Sheridan Road Climb,71.0,1.0,seg,run
05062019,Custer/South Blvd Saunter,40.0,3.0,seg,run
05062019,Vendra 1 - Evanston Beach,30.0,3.0,seg,run
05062019,Lake Dash,19.0,3.0,seg,run
05052019,Sheridan Road Climb,71.0,1.0,seg,run
05022019,Sheridan Road Climb,71.0,6.0,seg,run
05022019,Lakefront : south blvd to Greenleaf,45.0,6.0,seg,run
05022019,Vendra 2 - Evanston Beach,25.0,6.0,seg,run
05022019,Northwestern - Lakefront Northbound,25.0,6.0,seg,run
05022019,Lee to Hamilton 400m,48.0,6.0,seg,run
05022019,Dawes Park 400m,47.0,6.0,seg,run
05012019,Canal to Sheridan,2.0,3.0,seg,run
05012019,Sheridan Hill to Gillson Park,20.0,3.0,seg,run
05012019,Premium Sidewalk,23.0,3.0,seg,run
04302019,Custer/South Blvd Saunter,40.0,7.0,seg,run
04302019,NU sheridan Rd,18.0,7.0,seg,run
04302019,Vendra 1 - Evanston Beach,30.0,7.0,seg,run
04302019,Hamilton to Lee 400m,24.0,7.0,seg,run
04302019,Premium Sidewalk,23.0,7.0,seg,run
04302019,Lake Dash,19.0,7.0,seg,run
04302019,Prime Sidewalk,15.0,7.0,seg,run
04282019,Custer/South Blvd Saunter,40.0,3.0,seg,run
04282019,Vendra 1 - Evanston Beach,30.0,3.0,seg,run
04282019,Lake Dash,19.0,3.0,seg,run
04252019,Sheridan Road Climb,71.0,1.0,seg,run
04242019,Ruty Climb,1.0,3.0,seg,run
04242019,Sanchez Serpentine Reverse,1.0,3.0,seg,run
04242019,Lydiard 400 UPHILL ,1.0,3.0,seg,run
04202019,Custer/South Blvd Saunter,40.0,3.0,seg,run
04202019,Arrington Lagoon Loop,8.0,3.0,seg,run
04202019,Dawes Park 400m,47.0,3.0,seg,run
04172019,Custer/South Blvd Saunter,40.0,1.0,seg,run
04172019,Custer/South Blvd Saunter,40.0,1.0,seg,run
04172019,Hospital 200m dash,2.0,1.0,seg,run
04142019,Cricket Hill Up,1.0,1.0,seg,run
04132019,Wraparound Cricket,1.0,1.0,seg,run
04132019,Northwestern - Lakefront Southbound,20.0,1.0,seg,run
04132019,Vendra 1 - Evanston Beach,30.0,1.0,seg,run
04132019,Hamilton to Lee 400m,24.0,1.0,seg,run
04132019,SPAC BAC,5.0,1.0,seg,run
10012018,Custer/South Blvd Saunter,40.0,4.0,seg,run
10012018,NU sheridan Rd,18.0,4.0,seg,run
10012018,Vendra 1 - Evanston Beach,30.0,4.0,seg,run
10012018,Lake Dash,19.0,4.0,seg,run
09272018,Sheridan Road Climb,71.0,9.0,seg,run
09272018,Vendra 2 - Evanston Beach,25.0,9.0,seg,run
09272018,Northwestern - Lakefront Northbound,25.0,9.0,seg,run
09272018,Lakefront : south blvd to Greenleaf,45.0,9.0,seg,run
09272018,Heading north,8.0,9.0,seg,run
09272018,NU to Bahai,3.0,9.0,seg,run
09272018,Lee to Hamilton 400m,48.0,9.0,seg,run
09272018,Premium Sidewalk,23.0,9.0,seg,run
09272018,Dawes Park 400m,47.0,9.0,seg,run
09222018,Sculpture Mile - Oakton to Dempster,2.0,10.0,seg,run
09222018,McCormick - Dempster to Payne,2.0,10.0,seg,run
09222018,McCormick Emerson to Green Bay,2.0,10.0,seg,run
09222018,Lakefill South,12.0,10.0,seg,run
09222018,Northwestern Lakefront South,5.0,10.0,seg,run
09222018,Northwestern - Lakefront Southbound,20.0,10.0,seg,run
09222018,SPAC BAC,5.0,10.0,seg,run
09222018,McCormick trail: Main to Dempster,2.0,10.0,seg,run
09222018,McCormick trail: Oakton to Main,2.0,10.0,seg,run
09222018,McCormick trail: Dempster to Church,2.0,10.0,seg,run
09162018,Lakefill South,12.0,5.0,seg,run
09162018,Northwestern Lakefront South,5.0,5.0,seg,run
09162018,Northwestern - Lakefront Southbound,20.0,5.0,seg,run
09162018,Vendra 1 - Evanston Beach,30.0,5.0,seg,run
09162018,SPAC BAC,5.0,5.0,seg,run
09122018,Vendra 1 - Evanston Beach,30.0,3.0,seg,run
09122018,Hamilton to Lee 400m,24.0,3.0,seg,run
09122018,Lake Dash,19.0,3.0,seg,run
09112018,McCormick Place Sprint North,5.0,39.0,seg,run
09112018,Dockside Sprint,3.0,39.0,seg,run
09112018,F3-5K-Mile3,3.0,39.0,seg,run
09112018,Burnham Harbor North Sprint,1.0,39.0,seg,run
09112018,Shedd Shot North,4.0,39.0,seg,run
09112018,Lakefront Trail - I55 to Field Museum,3.0,39.0,seg,run
09112018,Burnham to Monroe Harbor,3.0,39.0,seg,run
09112018,Monroe Harbor Mile,3.0,39.0,seg,run
09112018,lululemon - Lake Shore Drive,2.0,39.0,seg,run
09112018,Lake to Columbus,2.0,39.0,seg,run
09112018,to the steps,3.0,39.0,seg,run
09112018,E Walton St Climb,3.0,39.0,seg,run
09112018,Ohio to Oak,3.0,39.0,seg,run
09112018,Oak St. to Division Underpass,5.0,39.0,seg,run
09112018,N Dearborn Pkwy Climb,8.0,39.0,seg,run
09112018,Kudos to Cooler Temps,7.0,39.0,seg,run
09112018,Underpass to Volleyball Shack,5.0,39.0,seg,run
09112018,Lake Front Sandy Path,10.0,39.0,seg,run
09112018,New Fullerton Path,12.0,39.0,seg,run
09112018,The Grind: 48,5.0,39.0,seg,run
09112018,N. Ave Bridge to Belmont Sign,11.0,39.0,seg,run
09112018,Div to Belmont Sprint.,21.0,39.0,seg,run
09112018,Weav Run RACE THIS 5K CHALLENGE!,6.0,39.0,seg,run
09112018,"Lakeshore pedestrian path, Barry to Addison",24.0,39.0,seg,run
09112018,Belmont Harbor to Irving Park Rd,22.0,39.0,seg,run
09112018,Tennis Court Tree Lines,23.0,39.0,seg,run
09112018,Irving Park to Montrose,8.0,39.0,seg,run
09112018,LFT 1.5/16.5-2.5/15.5,4.0,39.0,seg,run
09112018,Lakefront Trail (Montrose to Lawrence),5.0,39.0,seg,run
09112018,Diversey Harbor to Bryn Mawr (via LSP),4.0,39.0,seg,run
09112018,Foster to Hollywood Run,4.0,39.0,seg,run
09112018,Lawrence to Bryn Mawr,4.0,39.0,seg,run
09112018,MT ARDMORE,5.0,39.0,seg,run
09112018,Recreation Drive Sprint,24.0,39.0,seg,run
09112018,Lawrence to Foster,5.0,39.0,seg,run
09112018,Wilson to Lawrence,5.0,39.0,seg,run
09112018,Lake Shore Curve North,5.0,39.0,seg,run
09112018,Montrose to Wilson LFP,5.0,39.0,seg,run
09112018,Homeward bound,3.0,39.0,seg,run
09082018,Sheridan Road Climb,71.0,6.0,seg,run
09082018,Vendra 2 - Evanston Beach,25.0,6.0,seg,run
09082018,Clark St - Sheridan to Chicago,2.0,6.0,seg,run
09082018,Lakefront : south blvd to Greenleaf,45.0,6.0,seg,run
09082018,Lee to Hamilton 400m,48.0,6.0,seg,run
09082018,Dawes Park 400m,47.0,6.0,seg,run
09052018,Washtenaw Hill 2 (W to E),2.0,8.0,seg,run
09052018,The Long Stretch of Wastenaw,1.0,8.0,seg,run
09052018,TJ's to Brockman,2.0,8.0,seg,run
09052018,"Stadium, Golden to Main St",1.0,8.0,seg,run
09052018,Pauline to Hill,1.0,8.0,seg,run
09052018,S Main St - E Madison to E William,1.0,8.0,seg,run
09052018,Stadium: Washtenaw to Packard,2.0,8.0,seg,run
09052018,Main: Hoover to Hill,1.0,8.0,seg,run
09032018,Packard St - Granger to State,1.0,1.0,seg,run
09032018,Lakefill South,12.0,1.0,seg,run
09032018,Northwestern Lakefront South,5.0,1.0,seg,run
09032018,Northwestern - Lakefront Southbound,20.0,1.0,seg,run
09032018,Vendra 1 - Evanston Beach,30.0,1.0,seg,run
09032018,SPAC BAC,5.0,1.0,seg,run
08302018,McCormick Place Sprint North,5.0,40.0,seg,run
08302018,Dockside Sprint,3.0,40.0,seg,run
08302018,F3-5K-Mile3,3.0,40.0,seg,run
08302018,Uphill Harbor Haul,2.0,40.0,seg,run
08302018,Shedd Shot North,4.0,40.0,seg,run
08302018,Waldron and around Shedd,2.0,40.0,seg,run
08302018,Lakefront Trail - I55 to Field Museum,3.0,40.0,seg,run
08302018,Burnham to Monroe Harbor,3.0,40.0,seg,run
08302018,Monroe Harbor Mile,3.0,40.0,seg,run
08302018,lululemon - Lake Shore Drive,2.0,40.0,seg,run
08302018,Lake to Columbus,2.0,40.0,seg,run
08302018,to the steps,3.0,40.0,seg,run
08302018,E Walton St Climb,3.0,40.0,seg,run
08302018,Ohio to Oak,3.0,40.0,seg,run
08302018,Oak St. to Division Underpass,5.0,40.0,seg,run
08302018,N Dearborn Pkwy Climb,8.0,40.0,seg,run
08302018,Kudos to Cooler Temps,7.0,40.0,seg,run
08302018,Underpass to Volleyball Shack,5.0,40.0,seg,run
08302018,Lake Front Sandy Path,10.0,40.0,seg,run
08302018,New Fullerton Path,12.0,40.0,seg,run
08302018,The Grind: 48,5.0,40.0,seg,run
08302018,N. Ave Bridge to Belmont Sign,11.0,40.0,seg,run
08302018,Div to Belmont Sprint.,21.0,40.0,seg,run
08302018,Weav Run RACE THIS 5K CHALLENGE!,6.0,40.0,seg,run
08302018,"Lakeshore pedestrian path, Barry to Addison",24.0,40.0,seg,run
08302018,Belmont Harbor to Irving Park Rd,22.0,40.0,seg,run
08302018,Tennis Court Tree Lines,23.0,40.0,seg,run
08302018,Belmont to Montrose,2.0,40.0,seg,run
08302018,Irving Park to Montrose,8.0,40.0,seg,run
08302018,LFT 1.5/16.5-2.5/15.5,4.0,40.0,seg,run
08302018,Lakefront Trail (Montrose to Lawrence),5.0,40.0,seg,run
08302018,Diversey Harbor to Bryn Mawr (via LSP),4.0,40.0,seg,run
08302018,Foster to Hollywood Run,4.0,40.0,seg,run
08302018,Lawrence to Bryn Mawr,4.0,40.0,seg,run
08302018,MT ARDMORE,5.0,40.0,seg,run
08302018,Lawrence to Foster,5.0,40.0,seg,run
08302018,Wilson to Lawrence,5.0,40.0,seg,run
08302018,Lake Shore Curve North,5.0,40.0,seg,run
08302018,Montrose to Wilson LFP,5.0,40.0,seg,run
08302018,Homeward bound,3.0,40.0,seg,run
08272018,Vendra 1 - Evanston Beach,30.0,2.0,seg,run
08272018,Lake Dash,19.0,2.0,seg,run
08232018,Granville to Beach!,3.0,36.0,seg,run
08232018,Hollywood to Balmoral Run,4.0,36.0,seg,run
08232018,Foster to Lawrence,5.0,36.0,seg,run
08232018,LSP - Lawrence To Wilson,4.0,36.0,seg,run
08232018,Foster to Addison on LFP,3.0,36.0,seg,run
08232018,SkatePark > Dog Beach > SkatePark,3.0,36.0,seg,run
08232018,"Lakeshore pedestrian path, Addison to Aldine",21.0,36.0,seg,run
08232018,Lake Shore (Irving to Roscoe),23.0,36.0,seg,run
08232018,Bryn Mawr to Belmont - Lake Shore Path,3.0,36.0,seg,run
08232018,Downhill Belmont Harbor,21.0,36.0,seg,run
08232018,Diversey Bridge to Belmont Harbor,14.0,36.0,seg,run
08232018,Lake Front - South Lagoon,9.0,36.0,seg,run
08232018,quick mile,2.0,36.0,seg,run
08232018,Roscoe to Castaway,5.0,36.0,seg,run
08232018,Kudos to Electrolytes,6.0,36.0,seg,run
08232018,Lake Front Sandy Path,10.0,36.0,seg,run
08232018,New Fullerton Path,12.0,36.0,seg,run
08232018,N. Ave Bridge to Belmont Sign,11.0,36.0,seg,run
08232018,Div to Belmont Sprint.,21.0,36.0,seg,run
08232018,"Lakeshore pedestrian path, Barry to Addison",24.0,36.0,seg,run
08232018,Belmont Harbor to Irving Park Rd,22.0,36.0,seg,run
08232018,Tennis Court Tree Lines,23.0,36.0,seg,run
08232018,Irving Park to Montrose,8.0,36.0,seg,run
08232018,LFT 1.5/16.5-2.5/15.5,4.0,36.0,seg,run
08232018,Lakefront Trail (Montrose to Lawrence),5.0,36.0,seg,run
08232018,Diversey Harbor to Bryn Mawr (via LSP),4.0,36.0,seg,run
08232018,Foster to Hollywood Run,4.0,36.0,seg,run
08232018,Lawrence to Bryn Mawr,4.0,36.0,seg,run
08232018,MT ARDMORE,5.0,36.0,seg,run
08232018,Recreation Drive Sprint,24.0,36.0,seg,run
08232018,Lawrence to Foster,5.0,36.0,seg,run
08232018,Wilson to Lawrence,5.0,36.0,seg,run
08232018,Montrose to Wilson LFP,5.0,36.0,seg,run
08232018,Belmont to Second Flagpole,10.0,36.0,seg,run
08232018,Brooks Best Fest Chicago,7.0,36.0,seg,run
08232018,Lawrence to Wilson LFP Run,5.0,36.0,seg,run
08182018,Sheridan Road Climb,71.0,3.0,seg,run
08182018,Lakefront : south blvd to Greenleaf,45.0,3.0,seg,run
08182018,Lee to Hamilton 400m,48.0,3.0,seg,run
08162018,Sheridan Road Climb,71.0,5.0,seg,run
08162018,Vendra 2 - Evanston Beach,25.0,5.0,seg,run
08162018,Lakefront : south blvd to Greenleaf,45.0,5.0,seg,run
08162018,Lee to Hamilton 400m,48.0,5.0,seg,run
08162018,Dawes Park 400m,47.0,5.0,seg,run
08142018,Custer/South Blvd Saunter,40.0,1.0,seg,run
08132018,Rounding Calvary Cemetery - South,13.0,1.0,seg,run
08082018,Sheridan Road Climb,71.0,7.0,seg,run
08082018,Northwestern - Lakefront Northbound,25.0,7.0,seg,run
08082018,NU sheridan Rd,18.0,7.0,seg,run
08082018,Vendra 1 - Evanston Beach,30.0,7.0,seg,run
08082018,Lakefront : south blvd to Greenleaf,45.0,7.0,seg,run
08082018,Lake Dash,19.0,7.0,seg,run
08082018,Dawes Park 400m,47.0,7.0,seg,run
08042018,Custer/South Blvd Saunter,40.0,1.0,seg,run
08022018,Custer/South Blvd Saunter,40.0,1.0,seg,run
07312018,Sheridan Road Climb,71.0,10.0,seg,run
07312018,Vendra 2 - Evanston Beach,25.0,10.0,seg,run
07312018,Northwestern - Lakefront Northbound,25.0,10.0,seg,run
07312018,NU sheridan Rd,18.0,10.0,seg,run
07312018,Vendra 1 - Evanston Beach,30.0,10.0,seg,run
07312018,Lakefront : south blvd to Greenleaf,45.0,10.0,seg,run
07312018,Heading north,8.0,10.0,seg,run
07312018,NU to Bahai,3.0,10.0,seg,run
07312018,Lee to Hamilton 400m,48.0,10.0,seg,run
07312018,Lake Dash,19.0,10.0,seg,run
07242018,Sheridan Road Climb,71.0,1.0,seg,run
07192018,Stella Olson Park,2.0,1.0,seg,run
07142018,irving park northside swing,1.0,3.0,seg,run
07142018,Fremont to Knott SPRINT SB,1.0,3.0,seg,run
07142018,Eliot's Edge SB,1.0,3.0,seg,run
07102018,Hollywood to Balmoral Run,4.0,21.0,seg,run
07102018,Foster to Lawrence,5.0,21.0,seg,run
07102018,LSP - Lawrence To Wilson,4.0,21.0,seg,run
07102018,Foster to Addison on LFP,3.0,21.0,seg,run
07102018,SkatePark > Dog Beach > SkatePark,3.0,21.0,seg,run
07102018,Lake Shore (Irving to Roscoe),23.0,21.0,seg,run
07102018,Bryn Mawr to Belmont - Lake Shore Path,3.0,21.0,seg,run
07102018,Downhill Belmont Harbor,21.0,21.0,seg,run
07102018,Diversey Bridge to Belmont Harbor,14.0,21.0,seg,run
07102018,Lake Front - South Lagoon,9.0,21.0,seg,run
07102018,Roscoe to Castaway,5.0,21.0,seg,run
07102018,Kudos to Electrolytes,6.0,21.0,seg,run
07102018,Lake Front Sandy Path,10.0,21.0,seg,run
07102018,New Fullerton Path,12.0,21.0,seg,run
07102018,N. Ave Bridge to Belmont Sign,11.0,21.0,seg,run
07102018,Div to Belmont Sprint.,21.0,21.0,seg,run
07102018,"Lakeshore pedestrian path, Barry to Addison",24.0,21.0,seg,run
07102018,Recreation Drive Sprint,24.0,21.0,seg,run
07102018,Belmont to Second Flagpole,10.0,21.0,seg,run
07102018,Brooks Best Fest Chicago,7.0,21.0,seg,run
07102018,Lawrence to Wilson LFP Run,5.0,21.0,seg,run
07062018,Custer/South Blvd Saunter,40.0,1.0,seg,run
07032018,Oak St. to Division Underpass,5.0,23.0,seg,run
07032018,N Dearborn Pkwy Climb,8.0,23.0,seg,run
07032018,Kudos to Cooler Temps,7.0,23.0,seg,run
07032018,Underpass to Volleyball Shack,5.0,23.0,seg,run
07032018,Lake Front Sandy Path,10.0,23.0,seg,run
07032018,N. Ave Bridge to Belmont Sign,11.0,23.0,seg,run
07032018,Div to Belmont Sprint.,21.0,23.0,seg,run
07032018,Weav Run RACE THIS 5K CHALLENGE!,6.0,23.0,seg,run
07032018,"Lakeshore pedestrian path, Barry to Addison",24.0,23.0,seg,run
07032018,Belmont Harbor to Irving Park Rd,22.0,23.0,seg,run
07032018,Tennis Court Tree Lines,23.0,23.0,seg,run
07032018,Irving Park to Montrose,8.0,23.0,seg,run
07032018,LFT 1.5/16.5-2.5/15.5,4.0,23.0,seg,run
07032018,Lakefront Trail (Montrose to Lawrence),5.0,23.0,seg,run
07032018,Diversey Harbor to Bryn Mawr (via LSP),4.0,23.0,seg,run
07032018,Foster to Hollywood Run,4.0,23.0,seg,run
07032018,Lawrence to Bryn Mawr,4.0,23.0,seg,run
07032018,MT ARDMORE,5.0,23.0,seg,run
07032018,Recreation Drive Sprint,24.0,23.0,seg,run
07032018,Lawrence to Foster,5.0,23.0,seg,run
07032018,Wilson to Lawrence,5.0,23.0,seg,run
07032018,Lake Shore Curve North,5.0,23.0,seg,run
07032018,Montrose to Wilson LFP,5.0,23.0,seg,run
06272018,Granville to Beach!,3.0,16.0,seg,run
06272018,Hollywood to Balmoral Run,4.0,16.0,seg,run
06272018,Foster to Lawrence,5.0,16.0,seg,run
06272018,LSP - Lawrence To Wilson,4.0,16.0,seg,run
06272018,Foster to Addison on LFP,3.0,16.0,seg,run
06272018,SkatePark > Dog Beach > SkatePark,3.0,16.0,seg,run
06272018,Lake Shore (Irving to Roscoe),23.0,16.0,seg,run
06272018,Bryn Mawr to Belmont - Lake Shore Path,3.0,16.0,seg,run
06272018,Downhill Belmont Harbor,21.0,16.0,seg,run
06272018,Diversey Bridge to Belmont Harbor,14.0,16.0,seg,run
06272018,Lake Front - South Lagoon,9.0,16.0,seg,run
06272018,Roscoe to Castaway,5.0,16.0,seg,run
06272018,Kudos to Electrolytes,6.0,16.0,seg,run
06272018,Belmont to Second Flagpole,10.0,16.0,seg,run
06272018,Brooks Best Fest Chicago,7.0,16.0,seg,run
06272018,Lawrence to Wilson LFP Run,5.0,16.0,seg,run
06242018,Gilsen Schnazz,1.0,1.0,seg,run
06222018,Sheridan Road Climb,71.0,2.0,seg,run
06222018,Rounding Calvary Cemetery - South,13.0,2.0,seg,run
06212018,Depot-Liberty via Division,1.0,1.0,seg,run
06152018,Custer/South Blvd Saunter,40.0,2.0,seg,run
06152018,Rounding Calvary Cemetery - South,13.0,2.0,seg,run
06042018,Custer/South Blvd Saunter,40.0,2.0,seg,run
06042018,Lee to Hamilton 400m,48.0,2.0,seg,run
05292018,Sheridan Rd to SPAC,4.0,4.0,seg,run
05292018,Lakefill South,12.0,4.0,seg,run
05292018,Northwestern - Lakefront Southbound,20.0,4.0,seg,run
05292018,Stoplight Dash,3.0,4.0,seg,run
05222018,MT ARDMORE,5.0,1.0,seg,run
05192018,Custer/South Blvd Saunter,40.0,3.0,seg,run
05192018,Sheridan Road Climb,71.0,3.0,seg,run
05192018,Lee to Hamilton 400m,48.0,3.0,seg,run
05162018,Norwestern - Sheridan (running north),5.0,4.0,seg,run
05162018,Sheridan Rd to SPAC,4.0,4.0,seg,run
05162018,Lakefill South,12.0,4.0,seg,run
05162018,Stoplight Dash,3.0,4.0,seg,run
05122018,Northwestern - Lakefront Southbound,20.0,3.0,seg,run
05122018,Northwestern - Lakefront Northbound,25.0,3.0,seg,run
05122018,Dawes Park 400m,47.0,3.0,seg,run
05052018,Lakefill South,12.0,3.0,seg,run
05052018,Northwestern - Lakefront Southbound,20.0,3.0,seg,run
05052018,Northwestern - Lakefront Northbound,25.0,3.0,seg,run
05042018,Hamilton to Lee 400m,24.0,1.0,seg,run
04232018,Custer/South Blvd Saunter,40.0,2.0,seg,run
04232018,Lee to Hamilton 400m,48.0,2.0,seg,run
04222018,Sheridan Road Climb,71.0,1.0,seg,run
04142018,Asbury Avenue Climb,1.0,1.0,seg,run
04112018,Sheridan Road Climb,71.0,1.0,seg,run
04032018,Sheridan Road Climb,71.0,1.0,seg,run
04012018,Sheridan Road Climb,71.0,1.0,seg,run
03262018,Sheridan Road Climb,71.0,1.0,seg,run
03192018,Sheridan Road Climb,71.0,1.0,seg,run
03182018,Sheridan Road Climb,71.0,1.0,seg,run
03052018,Sheridan Road Climb,71.0,1.0,seg,run
02232018,Sheridan Road Climb,71.0,1.0,seg,run
02012018,Sheridan Road Climb,71.0,1.0,seg,run
01302018,Sheridan Road Climb,71.0,1.0,seg,run
01292018,Sheridan Road Climb,71.0,3.0,seg,run
01292018,Rounding Calvary Cemetery - South,13.0,3.0,seg,run
01292018,Rounding Calvary Cemetery - North,9.0,3.0,seg,run
